1;2;7;51.090;0.0005514;0.0009794;0.0000591;0.0004861;0.0000591;0.0004861;0.0005514;0.0009794;0.0000591;0.0004861;0.0005514;0.0009794;0.0000000;0.0000000;0.0000000;0.0000000;0.0000000;0.0000000;270.0
2;3;7;20.590;0.0002501;0.0008744;0.0000593;0.0006170;0.0000593;0.0006170;0.0002501;0.0008744;0.0000593;0.0006170;0.0002501;0.0008744;0.0000000;0.0000000;0.0000000;0.0000000;0.0000000;0.0000000;440.0
3;4;7;1.000;0.0111633;0.0390433;0.0026433;0.0275433;0.0026433;0.0275433;0.0111633;0.0390433;0.0026433;0.0275433;0.0111633;0.0390433;0.0000000;0.0000000;0.0000000;0.0000000;0.0000000;0.0000000;440.0
4;5;7;60.460;0.0000588;0.0002055;0.0000139;0.0001382;0.0000139;0.0001382;0.0000588;0.0002055;0.0000139;0.0001382;0.0000588;0.0002055;0.0000000;0.0000000;0.0000000;0.0000000;0.0000000;0.0000000;514.0
6;7;7;37.160;0.0002599;0.0009090;0.0000615;0.0006111;0.0000615;0.0006111;0.0002599;0.0009090;0.0000615;0.0006111;0.0002599;0.0009090;0.0000000;0.0000000;0.0000000;0.0000000;0.0000000;0.0000000;514.0
7;8;7;1.000;0.0038033;0.0133167;0.0009033;0.0089567;0.0009033;0.0089567;0.0038033;0.0133167;0.0009033;0.0089567;0.0038033;0.0133167;0.0000000;0.0000000;0.0000000;0.0000000;0.0000000;0.0000000;250.0
8;9;7;1.000;0.0055300;0.0193567;0.0013100;0.0130167;0.0013100;0.0130167;0.0055300;0.0193567;0.0013100;0.0130167;0.0055300;0.0193567;0.0000000;0.0000000;0.0000000;0.0000000;0.0000000;0.0000000;250.0
9;10;7;1.000;0.0098033;0.0342967;0.0023233;0.0230567;0.0023233;0.0230567;0.0098033;0.0342967;0.0023233;0.0230567;0.0098033;0.0342967;0.0000000;0.0000000;0.0000000;0.0000000;0.0000000;0.0000000;250.0
10;11;7;1.000;0.0105900;0.0370567;0.0025100;0.0249167;0.0025100;0.0249167;0.0105900;0.0370567;0.0025100;0.0249167;0.0105900;0.0370567;0.0000000;0.0000000;0.0000000;0.0000000;0.0000000;0.0000000;250.0
11;12;7;50.000;0.0002390;0.0008361;0.0000566;0.0005621;0.0000566;0.0005621;0.0002390;0.0008361;0.0000566;0.0005621;0.0002390;0.0008361;0.0000000;0.0000000;0.0000000;0.0000000;0.0000000;0.0000000;514.0
12;13;7;86.980;0.0002554;0.0008934;0.0000605;0.0006007;0.0000605;0.0006007;0.0002554;0.0008934;0.0000605;0.0006007;0.0002554;0.0008934;0.0000000;0.0000000;0.0000000;0.0000000;0.0000000;0.0000000;514.0
13;14;7;1.000;0.0047433;0.0165933;0.0011233;0.0111533;0.0011233;0.0111533;0.0047433;0.0165933;0.0011233;0.0111533;0.0047433;0.0165933;0.0000000;0.0000000;0.0000000;0.0000000;0.0000000;0.0000000;250.0
15;16;7;38.280;0.0001090;0.0003829;0.0000259;0.0002133;0.0000259;0.0002133;0.0001090;0.0003829;0.0000259;0.0002133;0.0001090;0.0003829;0.0000000;0.0000000;0.0000000;0.0000000;0.0000000;0.0000000;250.0
16;17;7;1.000;0.0056000;0.0196467;0.0013300;0.0109467;0.0013300;0.0109467;0.0056000;0.0196467;0.0013300;0.0109467;0.0056000;0.0196467;0.0000000;0.0000000;0.0000000;0.0000000;0.0000000;0.0000000;514.0
17;18;7;1.000;0.0053667;0.0188333;0.0012767;0.0104933;0.0012767;0.0104933;0.0053667;0.0188333;0.0012767;0.0104933;0.0053667;0.0188333;0.0000000;0.0000000;0.0000000;0.0000000;0.0000000;0.0000000;530.0
18;19;7;1.000;0.0247667;0.0868900;0.0058867;0.0484000;0.0058867;0.0484000;0.0247667;0.0868900;0.0058867;0.0484000;0.0247667;0.0868900;0.0000000;0.0000000;0.0000000;0.0000000;0.0000000;0.0000000;530.0
19;20;7;191.040;0.0000661;0.0002320;0.0000157;0.0001292;0.0000157;0.0001292;0.0000661;0.0002320;0.0000157;0.0001292;0.0000661;0.0002320;0.0000000;0.0000000;0.0000000;0.0000000;0.0000000;0.0000000;250.0
20;21;7;1.000;0.0120933;0.0424167;0.0028733;0.0236267;0.0028733;0.0236267;0.0120933;0.0424167;0.0028733;0.0236267;0.0120933;0.0424167;0.0000000;0.0000000;0.0000000;0.0000000;0.0000000;0.0000000;530.0
21;22;7;101.190;0.0001488;0.0005220;0.0000353;0.0002908;0.0000353;0.0002908;0.0001488;0.0005220;0.0000353;0.0002908;0.0001488;0.0005220;0.0000000;0.0000000;0.0000000;0.0000000;0.0000000;0.0000000;250.0
22;23;7;40.500;0.0001441;0.0005054;0.0000342;0.0002815;0.0000342;0.0002815;0.0001441;0.0005054;0.0000342;0.0002815;0.0001441;0.0005054;0.0000000;0.0000000;0.0000000;0.0000000;0.0000000;0.0000000;250.0
23;24;7;35.110;0.0003033;0.0010640;0.0000721;0.0005926;0.0000721;0.0005926;0.0003033;0.0010640;0.0000721;0.0005926;0.0003033;0.0010640;0.0000000;0.0000000;0.0000000;0.0000000;0.0000000;0.0000000;530.0
25;26;7;48.100;0.0002635;0.0009216;0.0000624;0.0006197;0.0000624;0.0006197;0.0002635;0.0009216;0.0000624;0.0006197;0.0002635;0.0009216;0.0000000;0.0000000;0.0000000;0.0000000;0.0000000;0.0000000;250.0
26;27;7;49.400;0.0002049;0.0007168;0.0000486;0.0004820;0.0000486;0.0004820;0.0002049;0.0007168;0.0000486;0.0004820;0.0002049;0.0007168;0.0000000;0.0000000;0.0000000;0.0000000;0.0000000;0.0000000;250.0
27;28;7;88.190;0.0001229;0.0004302;0.0000291;0.0002892;0.0000291;0.0002892;0.0001229;0.0004302;0.0000291;0.0002892;0.0001229;0.0004302;0.0000000;0.0000000;0.0000000;0.0000000;0.0000000;0.0000000;250.0
28;29;7;1.000;0.0106033;0.0371100;0.0025133;0.0249500;0.0025133;0.0249500;0.0106033;0.0371100;0.0025133;0.0249500;0.0106033;0.0371100;0.0000000;0.0000000;0.0000000;0.0000000;0.0000000;0.0000000;250.0
29;30;7;85.280;0.0001225;0.0004284;0.0000290;0.0002880;0.0000290;0.0002880;0.0001225;0.0004284;0.0000290;0.0002880;0.0001225;0.0004284;0.0000000;0.0000000;0.0000000;0.0000000;0.0000000;0.0000000;250.0
30;31;7;1.000;0.0103500;0.0362000;0.0024500;0.0243400;0.0024500;0.0243400;0.0103500;0.0362000;0.0024500;0.0243400;0.0103500;0.0362000;0.0000000;0.0000000;0.0000000;0.0000000;0.0000000;0.0000000;250.0
31;32;7;1.000;0.0088067;0.0308033;0.0020867;0.0207133;0.0020867;0.0207133;0.0088067;0.0308033;0.0020867;0.0207133;0.0088067;0.0308033;0.0000000;0.0000000;0.0000000;0.0000000;0.0000000;0.0000000;250.0
32;33;7;1.000;0.0088067;0.0308033;0.0020867;0.0207133;0.0020867;0.0207133;0.0088067;0.0308033;0.0020867;0.0207133;0.0088067;0.0308033;0.0000000;0.0000000;0.0000000;0.0000000;0.0000000;0.0000000;250.0
33;34;7;1.000;0.0103300;0.0361467;0.0024500;0.0243067;0.0024500;0.0243067;0.0103300;0.0361467;0.0024500;0.0243067;0.0103300;0.0361467;0.0000000;0.0000000;0.0000000;0.0000000;0.0000000;0.0000000;250.0
34;35;7;1.000;0.0106800;0.0373567;0.0025300;0.0251167;0.0025300;0.0251167;0.0106800;0.0373567;0.0025300;0.0251167;0.0106800;0.0373567;0.0000000;0.0000000;0.0000000;0.0000000;0.0000000;0.0000000;250.0
35;36;7;1.000;0.0097100;0.0339600;0.0023000;0.0228300;0.0023000;0.0228300;0.0097100;0.0339600;0.0023000;0.0228300;0.0097100;0.0339600;0.0000000;0.0000000;0.0000000;0.0000000;0.0000000;0.0000000;250.0
36;37;7;1.000;0.0102600;0.0358933;0.0024300;0.0241333;0.0024300;0.0241333;0.0102600;0.0358933;0.0024300;0.0241333;0.0102600;0.0358933;0.0000000;0.0000000;0.0000000;0.0000000;0.0000000;0.0000000;250.0
37;38;7;1.000;0.0094333;0.0329967;0.0022333;0.0221867;0.0022333;0.0221867;0.0094333;0.0329967;0.0022333;0.0221867;0.0094333;0.0329967;0.0000000;0.0000000;0.0000000;0.0000000;0.0000000;0.0000000;250.0
38;39;7;1.000;0.0109567;0.0383267;0.0025967;0.0257667;0.0025967;0.0257667;0.0109567;0.0383267;0.0025967;0.0257667;0.0109567;0.0383267;0.0000000;0.0000000;0.0000000;0.0000000;0.0000000;0.0000000;250.0
39;40;7;1.000;0.0081367;0.0284700;0.0019267;0.0191400;0.0019267;0.0191400;0.0081367;0.0284700;0.0019267;0.0191400;0.0081367;0.0284700;0.0000000;0.0000000;0.0000000;0.0000000;0.0000000;0.0000000;250.0
40;41;7;1.000;0.0097767;0.0342067;0.0023167;0.0229967;0.0023167;0.0229967;0.0097767;0.0342067;0.0023167;0.0229967;0.0097767;0.0342067;0.0000000;0.0000000;0.0000000;0.0000000;0.0000000;0.0000000;250.0
41;42;7;1.000;0.0090833;0.0317967;0.0021533;0.0213767;0.0021533;0.0213767;0.0090833;0.0317967;0.0021533;0.0213767;0.0090833;0.0317967;0.0000000;0.0000000;0.0000000;0.0000000;0.0000000;0.0000000;250.0
42;43;7;1.000;0.0095000;0.0332400;0.0022500;0.0223500;0.0022500;0.0223500;0.0095000;0.0332400;0.0022500;0.0223500;0.0095000;0.0332400;0.0000000;0.0000000;0.0000000;0.0000000;0.0000000;0.0000000;250.0
43;44;7;1.000;0.0100533;0.0351700;0.0023833;0.0236500;0.0023833;0.0236500;0.0100533;0.0351700;0.0023833;0.0236500;0.0100533;0.0351700;0.0000000;0.0000000;0.0000000;0.0000000;0.0000000;0.0000000;250.0
44;45;7;1.000;0.0092233;0.0322600;0.0021833;0.0216900;0.0021833;0.0216900;0.0092233;0.0322600;0.0021833;0.0216900;0.0092233;0.0322600;0.0000000;0.0000000;0.0000000;0.0000000;0.0000000;0.0000000;250.0
45;46;7;1.000;0.0090133;0.0315267;0.0021333;0.0211967;0.0021333;0.0211967;0.0090133;0.0315267;0.0021333;0.0211967;0.0090133;0.0315267;0.0000000;0.0000000;0.0000000;0.0000000;0.0000000;0.0000000;250.0
46;47;7;1.000;0.0097100;0.0339600;0.0023000;0.0228300;0.0023000;0.0228300;0.0097100;0.0339600;0.0023000;0.0228300;0.0097100;0.0339600;0.0000000;0.0000000;0.0000000;0.0000000;0.0000000;0.0000000;250.0
47;48;7;629.310;0.0000143;0.0000501;0.0000034;0.0000337;0.0000034;0.0000337;0.0000143;0.0000501;0.0000034;0.0000337;0.0000143;0.0000501;0.0000000;0.0000000;0.0000000;0.0000000;0.0000000;0.0000000;250.0
49;50;7;1.000;0.0120867;0.0423000;0.0028667;0.0284400;0.0028667;0.0284400;0.0120867;0.0423000;0.0028667;0.0284400;0.0120867;0.0423000;0.0000000;0.0000000;0.0000000;0.0000000;0.0000000;0.0000000;250.0
50;51;7;102.470;0.0001182;0.0004136;0.0000280;0.0002781;0.0000280;0.0002781;0.0001182;0.0004136;0.0000280;0.0002781;0.0001182;0.0004136;0.0000000;0.0000000;0.0000000;0.0000000;0.0000000;0.0000000;250.0
51;52;7;1.000;0.0120400;0.0421200;0.0028500;0.0283200;0.0028500;0.0283200;0.0120400;0.0421200;0.0028500;0.0283200;0.0120400;0.0421200;0.0000000;0.0000000;0.0000000;0.0000000;0.0000000;0.0000000;250.0
52;53;7;86.280;0.0001335;0.0004672;0.0000316;0.0003141;0.0000316;0.0003141;0.0001335;0.0004672;0.0000316;0.0003141;0.0001335;0.0004672;0.0000000;0.0000000;0.0000000;0.0000000;0.0000000;0.0000000;250.0
53;54;7;254.540;0.0000891;0.0003119;0.0000211;0.0002097;0.0000211;0.0002097;0.0000891;0.0003119;0.0000211;0.0002097;0.0000891;0.0003119;0.0000000;0.0000000;0.0000000;0.0000000;0.0000000;0.0000000;250.0
54;55;7;1.000;0.0250967;0.0878000;0.0059467;0.0590300;0.0059467;0.0590300;0.0250967;0.0878000;0.0059467;0.0590300;0.0250967;0.0878000;0.0000000;0.0000000;0.0000000;0.0000000;0.0000000;0.0000000;250.0
55;56;7;1.000;0.0156267;0.0277567;0.0016767;0.0137767;0.0016767;0.0137767;0.0156267;0.0277567;0.0016767;0.0137767;0.0156267;0.0277567;0.0000000;0.0000000;0.0000000;0.0000000;0.0000000;0.0000000;270.0
56;57;7;1.000;0.0335133;0.0595400;0.0035933;0.0295500;0.0035933;0.0295500;0.0335133;0.0595400;0.0035933;0.0295500;0.0335133;0.0595400;0.0000000;0.0000000;0.0000000;0.0000000;0.0000000;0.0000000;270.0
57;58;7;442.000;0.0001269;0.0002253;0.0000136;0.0001118;0.0000136;0.0001118;0.0001269;0.0002253;0.0000136;0.0001118;0.0001269;0.0002253;0.0000000;0.0000000;0.0000000;0.0000000;0.0000000;0.0000000;270.0
58;59;7;1.000;0.0574467;0.0916033;0.0055267;0.0454633;0.0055267;0.0454633;0.0574467;0.0916033;0.0055267;0.0454633;0.0574467;0.0916033;0.0000000;0.0000000;0.0000000;0.0000000;0.0000000;0.0000000;270.0
59;60;7;1.000;0.0550500;0.0877833;0.0053000;0.0435733;0.0053000;0.0435733;0.0550500;0.0877833;0.0053000;0.0435733;0.0550500;0.0877833;0.0000000;0.0000000;0.0000000;0.0000000;0.0000000;0.0000000;270.0
60;61;7;1.000;0.0617400;0.0984433;0.0059400;0.0488633;0.0059400;0.0488633;0.0617400;0.0984433;0.0059400;0.0488633;0.0617400;0.0984433;0.0000000;0.0000000;0.0000000;0.0000000;0.0000000;0.0000000;270.0
61;62;7;1.000;0.0560100;0.0893067;0.0053900;0.0443267;0.0053900;0.0443267;0.0560100;0.0893067;0.0053900;0.0443267;0.0560100;0.0893067;0.0000000;0.0000000;0.0000000;0.0000000;0.0000000;0.0000000;270.0
62;63;7;109.000;0.0005829;0.0009295;0.0000561;0.0004613;0.0000561;0.0004613;0.0005829;0.0009295;0.0000561;0.0004613;0.0005829;0.0009295;0.0000000;0.0000000;0.0000000;0.0000000;0.0000000;0.0000000;270.0
63;64;7;1.000;0.0616967;0.0983767;0.0059367;0.0488267;0.0059367;0.0488267;0.0616967;0.0983767;0.0059367;0.0488267;0.0616967;0.0983767;0.0000000;0.0000000;0.0000000;0.0000000;0.0000000;0.0000000;270.0
64;65;7;1.000;0.0635800;0.1013800;0.0061200;0.0503200;0.0061200;0.0503200;0.0635800;0.1013800;0.0061200;0.0503200;0.0635800;0.1013800;0.0000000;0.0000000;0.0000000;0.0000000;0.0000000;0.0000000;270.0
65;66;7;1.000;0.0684900;0.1092067;0.0065900;0.0542067;0.0065900;0.0542067;0.0684900;0.1092067;0.0065900;0.0542067;0.0684900;0.1092067;0.0000000;0.0000000;0.0000000;0.0000000;0.0000000;0.0000000;270.0
66;67;7;1.000;0.0647300;0.1032067;0.0062300;0.0512267;0.0062300;0.0512267;0.0647300;0.1032067;0.0062300;0.0512267;0.0647300;0.1032067;0.0000000;0.0000000;0.0000000;0.0000000;0.0000000;0.0000000;270.0
67;68;7;1.000;0.0597500;0.0952667;0.0057500;0.0472867;0.0057500;0.0472867;0.0597500;0.0952667;0.0057500;0.0472867;0.0597500;0.0952667;0.0000000;0.0000000;0.0000000;0.0000000;0.0000000;0.0000000;270.0
68;69;7;1.000;0.0689567;0.1099500;0.0066367;0.0545700;0.0066367;0.0545700;0.0689567;0.1099500;0.0066367;0.0545700;0.0689567;0.1099500;0.0000000;0.0000000;0.0000000;0.0000000;0.0000000;0.0000000;270.0
69;70;7;1.000;0.0652833;0.1040967;0.0062833;0.0516667;0.0062833;0.0516667;0.0652833;0.1040967;0.0062833;0.0516667;0.0652833;0.1040967;0.0000000;0.0000000;0.0000000;0.0000000;0.0000000;0.0000000;270.0
70;71;7;1.000;0.0671867;0.1071300;0.0064667;0.0531700;0.0064667;0.0531700;0.0671867;0.1071300;0.0064667;0.0531700;0.0671867;0.1071300;0.0000000;0.0000000;0.0000000;0.0000000;0.0000000;0.0000000;270.0
72;73;7;967.300;0.0000522;0.0000833;0.0000050;0.0000413;0.0000050;0.0000413;0.0000522;0.0000833;0.0000050;0.0000413;0.0000522;0.0000833;0.0000000;0.0000000;0.0000000;0.0000000;0.0000000;0.0000000;270.0
73;74;7;1.000;0.0172033;0.0305600;0.0018433;0.0151700;0.0018433;0.0151700;0.0172033;0.0305600;0.0018433;0.0151700;0.0172033;0.0305600;0.0000000;0.0000000;0.0000000;0.0000000;0.0000000;0.0000000;270.0
74;75;7;1.000;0.0166100;0.0295033;0.0017800;0.0146433;0.0017800;0.0146433;0.0166100;0.0295033;0.0017800;0.0146433;0.0166100;0.0295033;0.0000000;0.0000000;0.0000000;0.0000000;0.0000000;0.0000000;270.0
75;76;7;1.000;0.0166567;0.0295867;0.0017867;0.0146867;0.0017867;0.0146867;0.0166567;0.0295867;0.0017867;0.0146867;0.0166567;0.0295867;0.0000000;0.0000000;0.0000000;0.0000000;0.0000000;0.0000000;270.0
76;77;7;1.000;0.0171267;0.0304200;0.0018367;0.0151000;0.0018367;0.0151000;0.0171267;0.0304200;0.0018367;0.0151000;0.0171267;0.0304200;0.0000000;0.0000000;0.0000000;0.0000000;0.0000000;0.0000000;270.0
77;78;7;1.000;0.0227067;0.0403433;0.0024367;0.0200233;0.0024367;0.0200233;0.0227067;0.0403433;0.0024367;0.0200233;0.0227067;0.0403433;0.0000000;0.0000000;0.0000000;0.0000000;0.0000000;0.0000000;270.0
78;79;7;1.000;0.0226567;0.0402467;0.0024267;0.0199767;0.0024267;0.0199767;0.0226567;0.0402467;0.0024267;0.0199767;0.0226567;0.0402467;0.0000000;0.0000000;0.0000000;0.0000000;0.0000000;0.0000000;270.0
79;80;7;1.000;0.0215733;0.0383200;0.0023133;0.0190200;0.0023133;0.0190200;0.0215733;0.0383200;0.0023133;0.0190200;0.0215733;0.0383200;0.0000000;0.0000000;0.0000000;0.0000000;0.0000000;0.0000000;270.0
80;81;7;1.000;0.0204667;0.0363600;0.0021967;0.0180500;0.0021967;0.0180500;0.0204667;0.0363600;0.0021967;0.0180500;0.0204667;0.0363600;0.0000000;0.0000000;0.0000000;0.0000000;0.0000000;0.0000000;270.0
81;82;7;1.000;0.0195333;0.0346933;0.0020933;0.0172233;0.0020933;0.0172233;0.0195333;0.0346933;0.0020933;0.0172233;0.0195333;0.0346933;0.0000000;0.0000000;0.0000000;0.0000000;0.0000000;0.0000000;270.0
82;83;7;1.000;0.0209600;0.0334200;0.0020200;0.0165900;0.0020200;0.0165900;0.0209600;0.0334200;0.0020200;0.0165900;0.0209600;0.0334200;0.0000000;0.0000000;0.0000000;0.0000000;0.0000000;0.0000000;270.0
83;84;7;1.000;0.0193433;0.0343633;0.0020733;0.0170533;0.0020733;0.0170533;0.0193433;0.0343633;0.0020733;0.0170533;0.0193433;0.0343633;0.0000000;0.0000000;0.0000000;0.0000000;0.0000000;0.0000000;270.0
84;85;7;1.000;0.0205067;0.0364300;0.0021967;0.0180800;0.0021967;0.0180800;0.0205067;0.0364300;0.0021967;0.0180800;0.0205067;0.0364300;0.0000000;0.0000000;0.0000000;0.0000000;0.0000000;0.0000000;270.0
85;86;7;1.000;0.0353733;0.0628367;0.0037933;0.0311867;0.0037933;0.0311867;0.0353733;0.0628367;0.0037933;0.0311867;0.0353733;0.0628367;0.0000000;0.0000000;0.0000000;0.0000000;0.0000000;0.0000000;270.0
86;87;7;1.000;0.0232633;0.0413200;0.0024933;0.0205100;0.0024933;0.0205100;0.0232633;0.0413200;0.0024933;0.0205100;0.0232633;0.0413200;0.0000000;0.0000000;0.0000000;0.0000000;0.0000000;0.0000000;270.0
87;88;7;162.050;0.0001028;0.0001826;0.0000110;0.0000906;0.0000110;0.0000906;0.0001028;0.0001826;0.0000110;0.0000906;0.0001028;0.0001826;0.0000000;0.0000000;0.0000000;0.0000000;0.0000000;0.0000000;270.0
88;89;7;1.000;0.0039067;0.0069367;0.0004167;0.0034467;0.0004167;0.0034467;0.0039067;0.0069367;0.0004167;0.0034467;0.0039067;0.0069367;0.0000000;0.0000000;0.0000000;0.0000000;0.0000000;0.0000000;270.0
89;90;7;1.000;0.0198833;0.0353267;0.0021333;0.0175367;0.0021333;0.0175367;0.0198833;0.0353267;0.0021333;0.0175367;0.0198833;0.0353267;0.0000000;0.0000000;0.0000000;0.0000000;0.0000000;0.0000000;270.0
90;91;7;1.000;0.0166100;0.0295033;0.0017800;0.0146433;0.0017800;0.0146433;0.0166100;0.0295033;0.0017800;0.0146433;0.0166100;0.0295033;0.0000000;0.0000000;0.0000000;0.0000000;0.0000000;0.0000000;270.0
91;92;7;1.000;0.0189100;0.0335933;0.0020300;0.0166733;0.0020300;0.0166733;0.0189100;0.0335933;0.0020300;0.0166733;0.0189100;0.0335933;0.0000000;0.0000000;0.0000000;0.0000000;0.0000000;0.0000000;270.0
92;93;7;1.000;0.0232300;0.0412600;0.0024900;0.0204800;0.0024900;0.0204800;0.0232300;0.0412600;0.0024900;0.0204800;0.0232300;0.0412600;0.0000000;0.0000000;0.0000000;0.0000000;0.0000000;0.0000000;270.0
93;94;7;1.000;0.0204667;0.0363600;0.0021967;0.0180500;0.0021967;0.0180500;0.0204667;0.0363600;0.0021967;0.0180500;0.0204667;0.0363600;0.0000000;0.0000000;0.0000000;0.0000000;0.0000000;0.0000000;270.0
94;95;7;1.000;0.0211700;0.0376100;0.0022700;0.0186700;0.0022700;0.0186700;0.0211700;0.0376100;0.0022700;0.0186700;0.0211700;0.0376100;0.0000000;0.0000000;0.0000000;0.0000000;0.0000000;0.0000000;270.0
94;130;7;76.790;0.0002140;0.0007486;0.0000507;0.0005280;0.0000507;0.0005280;0.0002140;0.0007486;0.0000507;0.0005280;0.0002140;0.0007486;0.0000000;0.0000000;0.0000000;0.0000000;0.0000000;0.0000000;440.0
95;96;7;1.000;0.0172033;0.0305600;0.0018433;0.0151700;0.0018433;0.0151700;0.0172033;0.0305600;0.0018433;0.0151700;0.0172033;0.0305600;0.0000000;0.0000000;0.0000000;0.0000000;0.0000000;0.0000000;270.0
96;97;7;1.000;0.0160300;0.0284733;0.0017200;0.0141333;0.0017200;0.0141333;0.0160300;0.0284733;0.0017200;0.0141333;0.0160300;0.0284733;0.0000000;0.0000000;0.0000000;0.0000000;0.0000000;0.0000000;270.0
97;98;7;1.000;0.0157133;0.0279133;0.0016833;0.0138533;0.0016833;0.0138533;0.0157133;0.0279133;0.0016833;0.0138533;0.0157133;0.0279133;0.0000000;0.0000000;0.0000000;0.0000000;0.0000000;0.0000000;270.0
98;99;7;1.000;0.0210233;0.0373433;0.0022533;0.0185333;0.0022533;0.0185333;0.0210233;0.0373433;0.0022533;0.0185333;0.0210233;0.0373433;0.0000000;0.0000000;0.0000000;0.0000000;0.0000000;0.0000000;270.0
99;100;7;1.000;0.0182333;0.0323833;0.0019533;0.0160733;0.0019533;0.0160733;0.0182333;0.0323833;0.0019533;0.0160733;0.0182333;0.0323833;0.0000000;0.0000000;0.0000000;0.0000000;0.0000000;0.0000000;270.0
100;101;7;1.000;0.0194567;0.0345700;0.0020867;0.0171600;0.0020867;0.0171600;0.0194567;0.0345700;0.0020867;0.0171600;0.0194567;0.0345700;0.0000000;0.0000000;0.0000000;0.0000000;0.0000000;0.0000000;270.0
101;102;7;1.000;0.0177100;0.0314667;0.0019000;0.0156167;0.0019000;0.0156167;0.0177100;0.0314667;0.0019000;0.0156167;0.0177100;0.0314667;0.0000000;0.0000000;0.0000000;0.0000000;0.0000000;0.0000000;270.0
102;103;7;1.000;0.0189100;0.0335933;0.0020300;0.0166733;0.0020300;0.0166733;0.0189100;0.0335933;0.0020300;0.0166733;0.0189100;0.0335933;0.0000000;0.0000000;0.0000000;0.0000000;0.0000000;0.0000000;270.0
103;104;7;1.000;0.0203733;0.0361900;0.0021833;0.0179600;0.0021833;0.0179600;0.0203733;0.0361900;0.0021833;0.0179600;0.0203733;0.0361900;0.0000000;0.0000000;0.0000000;0.0000000;0.0000000;0.0000000;270.0
104;105;7;1.000;0.0199167;0.0353833;0.0021367;0.0175633;0.0021367;0.0175633;0.0199167;0.0353833;0.0021367;0.0175633;0.0199167;0.0353833;0.0000000;0.0000000;0.0000000;0.0000000;0.0000000;0.0000000;270.0
105;106;7;1.000;0.0154800;0.0274967;0.0016600;0.0136467;0.0016600;0.0136467;0.0154800;0.0274967;0.0016600;0.0136467;0.0154800;0.0274967;0.0000000;0.0000000;0.0000000;0.0000000;0.0000000;0.0000000;270.0
106;107;7;1.000;0.0193667;0.0344033;0.0020767;0.0170733;0.0020767;0.0170733;0.0193667;0.0344033;0.0020767;0.0170733;0.0193667;0.0344033;0.0000000;0.0000000;0.0000000;0.0000000;0.0000000;0.0000000;270.0
107;108;7;1.000;0.0188167;0.0334200;0.0020167;0.0165900;0.0020167;0.0165900;0.0188167;0.0334200;0.0020167;0.0165900;0.0188167;0.0334200;0.0000000;0.0000000;0.0000000;0.0000000;0.0000000;0.0000000;270.0
108;109;7;1.000;0.0177100;0.0314667;0.0019000;0.0156167;0.0019000;0.0156167;0.0177100;0.0314667;0.0019000;0.0156167;0.0177100;0.0314667;0.0000000;0.0000000;0.0000000;0.0000000;0.0000000;0.0000000;270.0
110;111;7;1.000;0.0211700;0.0376100;0.0022700;0.0186700;0.0022700;0.0186700;0.0211700;0.0376100;0.0022700;0.0186700;0.0211700;0.0376100;0.0000000;0.0000000;0.0000000;0.0000000;0.0000000;0.0000000;270.0
111;112;7;364.610;0.0004945;0.0008785;0.0000530;0.0004360;0.0000530;0.0004360;0.0004945;0.0008785;0.0000530;0.0004360;0.0004945;0.0008785;0.0000000;0.0000000;0.0000000;0.0000000;0.0000000;0.0000000;270.0
112;113;7;91.020;0.0005275;0.0008411;0.0000508;0.0004174;0.0000508;0.0004174;0.0005275;0.0008411;0.0000508;0.0004174;0.0005275;0.0008411;0.0000000;0.0000000;0.0000000;0.0000000;0.0000000;0.0000000;270.0
113;114;7;89.680;0.0007048;0.0011238;0.0000678;0.0005578;0.0000678;0.0005578;0.0007048;0.0011238;0.0000678;0.0005578;0.0007048;0.0011238;0.0000000;0.0000000;0.0000000;0.0000000;0.0000000;0.0000000;270.0
113;121;7;1.000;0.0846267;0.0507233;0.0030267;0.0248833;0.0030267;0.0248833;0.0846267;0.0507233;0.0030267;0.0248833;0.0846267;0.0507233;0.0000000;0.0000000;0.0000000;0.0000000;0.0000000;0.0000000;250.0
114;115;7;87.800;0.0006154;0.0009813;0.0000593;0.0002825;0.0000593;0.0002825;0.0006154;0.0009813;0.0000593;0.0002825;0.0006154;0.0009813;0.0000000;0.0000000;0.0000000;0.0000000;0.0000000;0.0000000;270.0
115;116;7;88.020;0.0006155;0.0009814;0.0000592;0.0002824;0.0000592;0.0002824;0.0006155;0.0009814;0.0000592;0.0002824;0.0006155;0.0009814;0.0000000;0.0000000;0.0000000;0.0000000;0.0000000;0.0000000;270.0
116;117;7;87.710;0.0006154;0.0009813;0.0000592;0.0002824;0.0000592;0.0002824;0.0006154;0.0009813;0.0000592;0.0002824;0.0006154;0.0009813;0.0000000;0.0000000;0.0000000;0.0000000;0.0000000;0.0000000;270.0
118;119;7;108.170;0.0006154;0.0009813;0.0000592;0.0002824;0.0000592;0.0002824;0.0006154;0.0009813;0.0000592;0.0002824;0.0006154;0.0009813;0.0000000;0.0000000;0.0000000;0.0000000;0.0000000;0.0000000;270.0
119;120;7;106.890;0.0005787;0.0009226;0.0000557;0.0004579;0.0000557;0.0004579;0.0005787;0.0009226;0.0000557;0.0004579;0.0005787;0.0009226;0.0000000;0.0000000;0.0000000;0.0000000;0.0000000;0.0000000;270.0
121;122;7;1.000;0.0166467;0.0099767;0.0005967;0.0048967;0.0005967;0.0048967;0.0166467;0.0099767;0.0005967;0.0048967;0.0166467;0.0099767;0.0000000;0.0000000;0.0000000;0.0000000;0.0000000;0.0000000;250.0
123;124;7;1.000;0.0133567;0.0080067;0.0004767;0.0039267;0.0004767;0.0039267;0.0133567;0.0080067;0.0004767;0.0039267;0.0133567;0.0080067;0.0000000;0.0000000;0.0000000;0.0000000;0.0000000;0.0000000;250.0
127;128;7;1.000;0.0122233;0.0113167;0.0007133;0.0058667;0.0007133;0.0058667;0.0122233;0.0113167;0.0007133;0.0058667;0.0122233;0.0113167;0.0000000;0.0000000;0.0000000;0.0000000;0.0000000;0.0000000;250.0
131;132;7;45.400;0.0002310;0.0008084;0.0000548;0.0005703;0.0000548;0.0005703;0.0002310;0.0008084;0.0000548;0.0005703;0.0002310;0.0008084;0.0000000;0.0000000;0.0000000;0.0000000;0.0000000;0.0000000;440.0
134;135;7;1.000;0.0000000;0.0000000;0.0000000;0.0000000;0.0000000;0.0000000;0.0000000;0.0000000;0.0000000;0.0000000;0.0000000;0.0000000;0.0000000;0.0000000;0.0000000;0.0000000;0.0000000;0.0000000;250.0
138;139;7;1.000;0.0193933;0.0179533;0.0011333;0.0093033;0.0011333;0.0093033;0.0193933;0.0179533;0.0011333;0.0093033;0.0193933;0.0179533;0.0000000;0.0000000;0.0000000;0.0000000;0.0000000;0.0000000;250.0
141;142;7;60.070;0.0014618;0.0008761;0.0000523;0.0004298;0.0000523;0.0004298;0.0014618;0.0008761;0.0000523;0.0004298;0.0014618;0.0008761;0.0000000;0.0000000;0.0000000;0.0000000;0.0000000;0.0000000;250.0
142;143;7;1.000;0.0396433;0.0367000;0.0023133;0.0190200;0.0023133;0.0190200;0.0396433;0.0367000;0.0023133;0.0190200;0.0396433;0.0367000;0.0000000;0.0000000;0.0000000;0.0000000;0.0000000;0.0000000;250.0
143;144;7;1.000;0.0285000;0.0263833;0.0016600;0.0136733;0.0016600;0.0136733;0.0285000;0.0263833;0.0016600;0.0136733;0.0285000;0.0263833;0.0000000;0.0000000;0.0000000;0.0000000;0.0000000;0.0000000;250.0
144;145;7;1.000;0.0284467;0.0263267;0.0016567;0.0136467;0.0016567;0.0136467;0.0284467;0.0263267;0.0016567;0.0136467;0.0284467;0.0263267;0.0000000;0.0000000;0.0000000;0.0000000;0.0000000;0.0000000;250.0
145;146;7;125.100;0.0002683;0.0002484;0.0000156;0.0001287;0.0000156;0.0001287;0.0002683;0.0002484;0.0000156;0.0001287;0.0002683;0.0002484;0.0000000;0.0000000;0.0000000;0.0000000;0.0000000;0.0000000;250.0
146;147;7;143.130;0.0004119;0.0003813;0.0000240;0.0001976;0.0000240;0.0001976;0.0004119;0.0003813;0.0000240;0.0001976;0.0004119;0.0003813;0.0000000;0.0000000;0.0000000;0.0000000;0.0000000;0.0000000;250.0
147;148;7;1.000;0.0345767;0.0320067;0.0020167;0.0165867;0.0020167;0.0165867;0.0345767;0.0320067;0.0020167;0.0165867;0.0345767;0.0320067;0.0000000;0.0000000;0.0000000;0.0000000;0.0000000;0.0000000;250.0
148;149;7;1.000;0.0894833;0.0828300;0.0052233;0.0429300;0.0052233;0.0429300;0.0894833;0.0828300;0.0052233;0.0429300;0.0894833;0.0828300;0.0000000;0.0000000;0.0000000;0.0000000;0.0000000;0.0000000;250.0
149;150;7;1.000;0.0376167;0.0348200;0.0021967;0.0180500;0.0021967;0.0180500;0.0376167;0.0348200;0.0021967;0.0180500;0.0376167;0.0348200;0.0000000;0.0000000;0.0000000;0.0000000;0.0000000;0.0000000;250.0
154;155;7;171.690;0.0002621;0.0001571;0.0000094;0.0000771;0.0000094;0.0000771;0.0002621;0.0001571;0.0000094;0.0000771;0.0002621;0.0001571;0.0000000;0.0000000;0.0000000;0.0000000;0.0000000;0.0000000;250.0
155;156;7;188.830;0.0009347;0.0005602;0.0000334;0.0002748;0.0000334;0.0002748;0.0009347;0.0005602;0.0000334;0.0002748;0.0009347;0.0005602;0.0000000;0.0000000;0.0000000;0.0000000;0.0000000;0.0000000;250.0
156;157;7;1.000;0.1816433;0.1088733;0.0064933;0.0534133;0.0064933;0.0534133;0.1816433;0.1088733;0.0064933;0.0534133;0.1816433;0.1088733;0.0000000;0.0000000;0.0000000;0.0000000;0.0000000;0.0000000;250.0
157;158;7;1.000;0.1526900;0.0915167;0.0054600;0.0448967;0.0054600;0.0448967;0.1526900;0.0915167;0.0054600;0.0448967;0.1526900;0.0915167;0.0000000;0.0000000;0.0000000;0.0000000;0.0000000;0.0000000;250.0
