0,1,7,115000,124700,27500.0,1.344,15.51,2,1,1.0,1.0,1.0
1080,4328,1,12470,208,15.0,1.8,2.04,1,6,1.0,1.0,1.0,0.5,0.2,2.4,1.36
430,3266,7,12470,208,15.0,1.8,2.04,1,1,1.0,1.0,1.0,0.5,0.2,2.4,1.36
1776,4016,7,12470,208,15.0,1.8,2.04,1,1,1.0,1.0,1.0,0.5,0.2,2.4,1.36
1150,3084,7,12470,208,15.0,1.8,2.04,1,1,1.0,1.0,1.0,0.5,0.2,2.4,1.36
2483,4452,7,12470,208,15.0,1.8,2.04,1,1,1.0,1.0,1.0,0.5,0.2,2.4,1.36
1050,2806,7,12470,208,15.0,1.8,2.04,1,1,1.0,1.0,1.0,0.5,0.2,2.4,1.36
1892,4048,7,12470,208,15.0,1.8,2.04,1,1,1.0,1.0,1.0,0.5,0.2,2.4,1.36
207,4764,7,12470,208,15.0,1.8,2.04,1,1,1.0,1.0,1.0,0.5,0.2,2.4,1.36
207,4766,7,12470,208,15.0,1.8,2.04,1,1,1.0,1.0,1.0,0.5,0.2,2.4,1.36
207,4768,7,12470,208,15.0,1.2,2.04,1,1,1.0,1.0,1.0
2475,3218,7,12470,208,15.0,1.2,2.04,1,1,1.0,1.0,1.0
1461,4206,7,12470,208,15.0,1.2,2.04,1,1,1.0,1.0,1.0
1364,3138,7,12470,208,15.0,1.2,2.04,1,1,1.0,1.0,1.0
940,3092,7,12470,208,15.0,1.2,2.04,1,1,1.0,1.0,1.0
1834,2678,7,12470,208,15.0,1.2,2.04,1,1,1.0,1.0,1.0
1628,3896,7,12470,208,15.0,1.2,2.04,1,1,1.0,1.0,1.0
966,2586,7,12470,208,15.0,1.2,2.04,1,1,1.0,1.0,1.0
1393,3916,7,12470,208,15.0,1.2,2.04,1,1,1.0,1.0,1.0
1366,3010,7,12470,208,15.0,1.2,2.04,1,1,1.0,1.0,1.0
938,4400,7,12470,208,15.0,1.2,2.04,1,1,1.0,1.0,1.0
2418,2628,7,12470,208,15.0,1.2,2.04,1,1,1.0,1.0,1.0
1566,3318,7,12470,208,15.0,1.2,2.04,1,1,1.0,1.0,1.0
2208,4138,7,12470,208,15.0,1.2,2.04,1,1,1.0,1.0,1.0
1277,2664,7,12470,208,15.0,1.2,2.04,1,1,1.0,1.0,1.0
933,3598,7,12470,208,15.0,1.2,2.04,1,1,1.0,1.0,1.0
1898,3850,7,12470,208,15.0,1.2,2.04,1,1,1.0,1.0,1.0
546,3002,7,12470,208,15.0,1.2,2.04,1,1,1.0,1.0,1.0
546,3004,7,12470,208,15.0,1.2,2.04,1,1,1.0,1.0,1.0
546,3006,7,12470,208,15.0,1.2,2.04,1,1,1.0,1.0,1.0
1310,3672,7,12470,208,15.0,1.2,2.04,1,1,1.0,1.0,1.0
652,4424,7,12470,208,15.0,1.2,2.04,1,1,1.0,1.0,1.0
949,2872,7,12470,208,15.0,1.2,2.04,1,1,1.0,1.0,1.0
2022,4312,7,12470,208,15.0,1.2,2.04,1,1,1.0,1.0,1.0
553,3020,7,12470,208,15.0,1.2,2.04,1,1,1.0,1.0,1.0
2102,4638,7,12470,208,15.0,1.2,2.04,1,1,1.0,1.0,1.0
1727,4250,7,12470,208,15.0,1.2,2.04,1,1,1.0,1.0,1.0
2171,2770,7,12470,208,15.0,1.2,2.04,1,1,1.0,1.0,1.0
177,3044,7,12470,208,15.0,1.2,2.04,1,1,1.0,1.0,1.0
1006,4460,7,12470,208,15.0,1.2,2.04,1,1,1.0,1.0,1.0
1212,3008,7,12470,208,15.0,1.2,2.04,1,1,1.0,1.0,1.0
321,4434,7,12470,208,15.0,1.2,2.04,1,1,1.0,1.0,1.0
2414,3838,7,12470,208,15.0,1.2,2.04,1,1,1.0,1.0,1.0
1865,3372,7,12470,208,15.0,1.2,2.04,1,1,1.0,1.0,1.0
2375,4578,7,12470,208,15.0,1.2,2.04,1,1,1.0,1.0,1.0
2406,2696,7,12470,208,15.0,1.2,2.04,1,1,1.0,1.0,1.0
104,3498,7,12470,208,15.0,1.2,2.04,1,1,1.0,1.0,1.0
2139,4100,7,12470,208,15.0,1.2,2.04,1,1,1.0,1.0,1.0
1271,4442,7,12470,208,15.0,1.2,2.04,1,1,1.0,1.0,1.0
963,2702,7,12470,208,15.0,1.2,2.04,1,1,1.0,1.0,1.0
1090,2698,7,12470,208,15.0,1.2,2.04,1,1,1.0,1.0,1.0
1304,3946,7,12470,208,15.0,1.2,2.04,1,1,1.0,1.0,1.0
2342,2846,7,12470,208,15.0,1.2,2.04,1,1,1.0,1.0,1.0
1399,3914,7,12470,208,15.0,1.2,2.04,1,1,1.0,1.0,1.0
486,2626,7,12470,208,15.0,1.2,2.04,1,1,1.0,1.0,1.0
2497,4058,7,12470,208,15.0,1.2,2.04,1,1,1.0,1.0,1.0
599,2616,7,12470,208,15.0,1.2,2.04,1,1,1.0,1.0,1.0
869,4200,7,12470,208,15.0,1.2,2.04,1,1,1.0,1.0,1.0
998,4248,7,12470,208,15.0,1.2,2.04,1,1,1.0,1.0,1.0
2299,3680,7,12470,208,15.0,1.2,2.04,1,1,1.0,1.0,1.0
1684,3848,7,12470,208,15.0,1.2,2.04,1,1,1.0,1.0,1.0
868,3606,7,12470,208,15.0,1.2,2.04,1,1,1.0,1.0,1.0
1796,3382,7,12470,208,15.0,1.2,2.04,1,1,1.0,1.0,1.0
757,4142,7,12470,208,15.0,1.2,2.04,1,1,1.0,1.0,1.0
936,4348,7,12470,208,15.0,1.2,2.04,1,1,1.0,1.0,1.0
1912,2840,7,12470,208,15.0,1.2,2.04,1,1,1.0,1.0,1.0
1724,3332,7,12470,208,15.0,1.2,2.04,1,1,1.0,1.0,1.0
2210,3482,7,12470,208,15.0,1.2,2.04,1,1,1.0,1.0,1.0
1494,4114,7,12470,208,15.0,1.2,2.04,1,1,1.0,1.0,1.0
1615,4368,7,12470,208,15.0,1.2,2.04,1,1,1.0,1.0,1.0
565,3058,7,12470,208,15.0,1.2,2.04,1,1,1.0,1.0,1.0
511,3610,7,12470,208,15.0,1.2,2.04,1,1,1.0,1.0,1.0
300,4166,7,12470,208,15.0,1.2,2.04,1,1,1.0,1.0,1.0
1379,3572,7,12470,208,15.0,1.2,2.04,1,1,1.0,1.0,1.0
2004,3538,7,12470,208,15.0,1.2,2.04,1,1,1.0,1.0,1.0
948,4858,7,12470,208,15.0,1.2,2.04,1,1,1.0,1.0,1.0
1855,3418,7,12470,208,15.0,1.2,2.04,1,1,1.0,1.0,1.0
1870,3334,7,12470,208,15.0,1.2,2.04,1,1,1.0,1.0,1.0
98,4096,7,12470,208,15.0,1.2,2.04,1,1,1.0,1.0,1.0
1192,2790,7,12470,208,15.0,1.2,2.04,1,1,1.0,1.0,1.0
1890,3834,7,12470,208,15.0,1.2,2.04,1,1,1.0,1.0,1.0
2338,3660,7,12470,208,15.0,1.2,2.04,1,1,1.0,1.0,1.0
2373,2946,7,12470,208,15.0,1.2,2.04,1,1,1.0,1.0,1.0
2122,2974,7,12470,208,15.0,1.2,2.04,1,1,1.0,1.0,1.0
2326,2550,7,12470,208,15.0,1.2,2.04,1,1,1.0,1.0,1.0
714,4660,7,12470,208,15.0,1.2,2.04,1,1,1.0,1.0,1.0
934,4242,7,12470,208,15.0,1.2,2.04,1,1,1.0,1.0,1.0
1317,4586,7,12470,208,15.0,1.2,2.04,1,1,1.0,1.0,1.0
2165,3078,7,12470,208,15.0,1.2,2.04,1,1,1.0,1.0,1.0
1925,3748,7,12470,208,15.0,1.2,2.04,1,1,1.0,1.0,1.0
107,4786,7,12470,208,15.0,1.2,2.04,1,1,1.0,1.0,1.0
1221,2952,7,12470,208,15.0,1.2,2.04,1,1,1.0,1.0,1.0
1188,4536,7,12470,208,15.0,1.2,2.04,1,1,1.0,1.0,1.0
244,3714,7,12470,208,15.0,1.2,2.04,1,1,1.0,1.0,1.0
244,3716,7,12470,208,15.0,1.2,2.04,1,1,1.0,1.0,1.0
244,3718,7,12470,208,15.0,1.2,2.04,1,1,1.0,1.0,1.0
1182,3274,7,12470,208,15.0,1.2,2.04,1,1,1.0,1.0,1.0
2167,2980,7,12470,208,15.0,1.2,2.04,1,1,1.0,1.0,1.0
2114,4696,7,12470,208,15.0,1.2,2.04,1,1,1.0,1.0,1.0
1463,4334,7,12470,208,15.0,1.2,2.04,1,1,1.0,1.0,1.0
1374,3136,7,12470,208,15.0,1.2,2.04,1,1,1.0,1.0,1.0
1043,4802,7,12470,208,15.0,1.2,2.04,1,1,1.0,1.0,1.0
801,4680,7,12470,208,15.0,1.2,2.04,1,1,1.0,1.0,1.0
481,3900,7,12470,208,15.0,1.2,2.04,1,1,1.0,1.0,1.0
1170,3496,7,12470,208,15.0,1.2,2.04,1,1,1.0,1.0,1.0
1005,3786,7,12470,208,15.0,1.2,2.04,1,1,1.0,1.0,1.0
793,4370,7,12470,208,15.0,1.2,2.04,1,1,1.0,1.0,1.0
2399,2576,7,12470,208,15.0,1.2,2.04,1,1,1.0,1.0,1.0
2482,2552,7,12470,208,15.0,1.2,2.04,1,1,1.0,1.0,1.0
1233,4084,7,12470,208,15.0,1.2,2.04,1,1,1.0,1.0,1.0
2356,4478,7,12470,208,15.0,1.2,2.04,1,1,1.0,1.0,1.0
2489,2876,7,12470,208,15.0,1.2,2.04,1,1,1.0,1.0,1.0
1951,2660,7,12470,208,15.0,1.2,2.04,1,1,1.0,1.0,1.0
759,2860,7,12470,208,15.0,1.2,2.04,1,1,1.0,1.0,1.0
2119,3700,7,12470,208,15.0,1.2,2.04,1,1,1.0,1.0,1.0
1305,2730,7,12470,208,15.0,1.2,2.04,1,1,1.0,1.0,1.0
1887,4026,7,12470,208,15.0,1.2,2.04,1,1,1.0,1.0,1.0
529,3654,7,12470,208,15.0,1.2,2.04,1,1,1.0,1.0,1.0
1508,3726,7,12470,208,15.0,1.2,2.04,1,1,1.0,1.0,1.0
1612,3772,7,12470,208,15.0,1.2,2.04,1,1,1.0,1.0,1.0
826,4302,7,12470,208,15.0,1.2,2.04,1,1,1.0,1.0,1.0
1334,2608,7,12470,208,15.0,1.2,2.04,1,1,1.0,1.0,1.0
365,3722,7,12470,208,15.0,1.2,2.04,1,1,1.0,1.0,1.0
689,4658,7,12470,208,15.0,1.2,2.04,1,1,1.0,1.0,1.0
1882,3866,7,12470,208,15.0,1.2,2.04,1,1,1.0,1.0,1.0
884,4868,7,12470,208,15.0,1.2,2.04,1,1,1.0,1.0,1.0
896,4344,7,12470,208,15.0,1.2,2.04,1,1,1.0,1.0,1.0
2395,2962,7,12470,208,15.0,1.2,2.04,1,1,1.0,1.0,1.0
774,3232,7,12470,208,15.0,1.2,2.04,1,1,1.0,1.0,1.0
905,4496,7,12470,208,15.0,1.2,2.04,1,1,1.0,1.0,1.0
2476,3458,7,12470,208,15.0,1.2,2.04,1,1,1.0,1.0,1.0
2177,3064,7,12470,208,15.0,1.2,2.04,1,1,1.0,1.0,1.0
1894,3776,7,12470,208,15.0,1.2,2.04,1,1,1.0,1.0,1.0
1108,2700,7,12470,208,15.0,1.2,2.04,1,1,1.0,1.0,1.0
873,4134,7,12470,208,15.0,1.2,2.04,1,1,1.0,1.0,1.0
668,4820,7,12470,208,15.0,1.2,2.04,1,1,1.0,1.0,1.0
1441,4710,7,12470,208,15.0,1.2,2.04,1,1,1.0,1.0,1.0
1866,3530,7,12470,208,15.0,1.2,2.04,1,1,1.0,1.0,1.0
878,4220,7,12470,208,15.0,1.2,2.04,1,1,1.0,1.0,1.0
2282,4148,7,12470,208,15.0,1.2,2.04,1,1,1.0,1.0,1.0
2506,4284,7,12470,208,15.0,1.2,2.04,1,1,1.0,1.0,1.0
1872,3886,7,12470,208,15.0,1.2,2.04,1,1,1.0,1.0,1.0
276,2932,7,12470,208,15.0,1.2,2.04,1,1,1.0,1.0,1.0
2053,3484,7,12470,208,15.0,1.2,2.04,1,1,1.0,1.0,1.0
455,3068,7,12470,208,15.0,1.2,2.04,1,1,1.0,1.0,1.0
528,2650,7,12470,208,15.0,1.2,2.04,1,1,1.0,1.0,1.0
2355,2764,7,12470,208,15.0,1.2,2.04,1,1,1.0,1.0,1.0
2283,3190,7,12470,208,15.0,1.2,2.04,1,1,1.0,1.0,1.0
428,3950,7,12470,208,15.0,1.2,2.04,1,1,1.0,1.0,1.0
2453,3814,7,12470,208,15.0,1.2,2.04,1,1,1.0,1.0,1.0
2288,3150,7,12470,208,15.0,1.2,2.04,1,1,1.0,1.0,1.0
1031,3282,7,12470,208,15.0,1.2,2.04,1,1,1.0,1.0,1.0
2425,3840,7,12470,208,15.0,1.2,2.04,1,1,1.0,1.0,1.0
1269,4362,7,12470,208,15.0,1.2,2.04,1,1,1.0,1.0,1.0
1230,4366,7,12470,208,15.0,1.2,2.04,1,1,1.0,1.0,1.0
1459,4276,7,12470,208,15.0,1.2,2.04,1,1,1.0,1.0,1.0
1298,2954,7,12470,208,15.0,1.2,2.04,1,1,1.0,1.0,1.0
2234,3016,7,12470,208,15.0,1.2,2.04,1,1,1.0,1.0,1.0
952,4512,7,12470,208,15.0,1.2,2.04,1,1,1.0,1.0,1.0
1397,4728,7,12470,208,15.0,1.2,2.04,1,1,1.0,1.0,1.0
418,3256,7,12470,208,15.0,1.2,2.04,1,1,1.0,1.0,1.0
817,4834,7,12470,208,15.0,1.2,2.04,1,1,1.0,1.0,1.0
770,4842,7,12470,208,15.0,1.2,2.04,1,1,1.0,1.0,1.0
1403,4074,7,12470,208,15.0,1.2,2.04,1,1,1.0,1.0,1.0
1456,4678,7,12470,208,15.0,1.2,2.04,1,1,1.0,1.0,1.0
893,4480,7,12470,208,15.0,1.2,2.04,1,1,1.0,1.0,1.0
1064,2720,7,12470,208,15.0,1.2,2.04,1,1,1.0,1.0,1.0
888,4732,7,12470,208,15.0,1.2,2.04,1,1,1.0,1.0,1.0
1899,4436,7,12470,208,15.0,1.2,2.04,1,1,1.0,1.0,1.0
2391,2828,7,12470,208,15.0,1.2,2.04,1,1,1.0,1.0,1.0
2189,2546,7,12470,208,15.0,1.2,2.04,1,1,1.0,1.0,1.0
472,4504,7,12470,208,15.0,1.2,2.04,1,1,1.0,1.0,1.0
57,3930,7,12470,208,15.0,1.2,2.04,1,1,1.0,1.0,1.0
1171,2598,7,12470,208,15.0,1.2,2.04,1,1,1.0,1.0,1.0
2307,3434,7,12470,208,15.0,1.2,2.04,1,1,1.0,1.0,1.0
1197,3272,7,12470,208,15.0,1.2,2.04,1,1,1.0,1.0,1.0
2187,3566,7,12470,208,15.0,1.2,2.04,1,1,1.0,1.0,1.0
1976,4046,7,12470,208,15.0,1.2,2.04,1,1,1.0,1.0,1.0
1805,3754,7,12470,208,15.0,1.2,2.04,1,1,1.0,1.0,1.0
1656,3954,7,12470,208,15.0,1.2,2.04,1,1,1.0,1.0,1.0
1900,3358,7,12470,208,15.0,1.2,2.04,1,1,1.0,1.0,1.0
1066,4290,7,12470,208,15.0,1.2,2.04,1,1,1.0,1.0,1.0
690,4816,7,12470,208,15.0,1.2,2.04,1,1,1.0,1.0,1.0
1659,2782,7,12470,208,15.0,1.2,2.04,1,1,1.0,1.0,1.0
1281,3130,7,12470,208,15.0,1.2,2.04,1,1,1.0,1.0,1.0
1493,3874,7,12470,208,15.0,1.2,2.04,1,1,1.0,1.0,1.0
1564,4308,7,12470,208,15.0,1.2,2.04,1,1,1.0,1.0,1.0
1106,3992,7,12470,208,15.0,1.2,2.04,1,1,1.0,1.0,1.0
1956,3066,7,12470,208,15.0,1.2,2.04,1,1,1.0,1.0,1.0
1083,4706,7,12470,208,15.0,1.2,2.04,1,1,1.0,1.0,1.0
15,4712,7,12470,208,15.0,1.2,2.04,1,1,1.0,1.0,1.0
15,4714,7,12470,208,15.0,1.2,2.04,1,1,1.0,1.0,1.0
15,4716,7,12470,208,15.0,1.2,2.04,1,1,1.0,1.0,1.0
612,4062,7,12470,208,15.0,1.2,2.04,1,1,1.0,1.0,1.0
341,3730,7,12470,208,15.0,1.2,2.04,1,1,1.0,1.0,1.0
1471,3546,7,12470,208,15.0,1.2,2.04,1,1,1.0,1.0,1.0
1897,3534,7,12470,208,15.0,1.2,2.04,1,1,1.0,1.0,1.0
2376,4492,7,12470,208,15.0,1.2,2.04,1,1,1.0,1.0,1.0
1195,3506,7,12470,208,15.0,1.2,2.04,1,1,1.0,1.0,1.0
1172,3400,7,12470,208,15.0,1.2,2.04,1,1,1.0,1.0,1.0
60,4576,7,12470,208,15.0,1.2,2.04,1,1,1.0,1.0,1.0
1455,3554,7,12470,208,15.0,1.2,2.04,1,1,1.0,1.0,1.0
1822,3774,7,12470,208,15.0,1.2,2.04,1,1,1.0,1.0,1.0
1248,4070,7,12470,208,15.0,1.2,2.04,1,1,1.0,1.0,1.0
1258,3226,7,12470,208,15.0,1.2,2.04,1,1,1.0,1.0,1.0
848,4506,7,12470,208,15.0,1.2,2.04,1,1,1.0,1.0,1.0
1552,3558,7,12470,208,15.0,1.2,2.04,1,1,1.0,1.0,1.0
663,4656,7,12470,208,15.0,1.2,2.04,1,1,1.0,1.0,1.0
2441,3444,7,12470,208,15.0,1.2,2.04,1,1,1.0,1.0,1.0
510,2634,7,12470,208,15.0,1.2,2.04,1,1,1.0,1.0,1.0
210,4632,7,12470,208,15.0,1.2,2.04,1,1,1.0,1.0,1.0
916,3994,7,12470,208,15.0,1.2,2.04,1,1,1.0,1.0,1.0
1940,3864,7,12470,208,15.0,1.2,2.04,1,1,1.0,1.0,1.0
2040,3958,7,12470,208,15.0,1.2,2.04,1,1,1.0,1.0,1.0
1521,3244,7,12470,208,15.0,1.2,2.04,1,1,1.0,1.0,1.0
1056,3578,7,12470,208,15.0,1.2,2.04,1,1,1.0,1.0,1.0
2212,3446,7,12470,208,15.0,1.2,2.04,1,1,1.0,1.0,1.0
1425,4464,7,12470,208,15.0,1.2,2.04,1,1,1.0,1.0,1.0
1557,4144,7,12470,208,15.0,1.2,2.04,1,1,1.0,1.0,1.0
1420,3490,7,12470,208,15.0,1.2,2.04,1,1,1.0,1.0,1.0
904,3996,7,12470,208,15.0,1.2,2.04,1,1,1.0,1.0,1.0
1740,3390,7,12470,208,15.0,1.2,2.04,1,1,1.0,1.0,1.0
1903,3526,7,12470,208,15.0,1.2,2.04,1,1,1.0,1.0,1.0
1584,3794,7,12470,208,15.0,1.2,2.04,1,1,1.0,1.0,1.0
1964,2818,7,12470,208,15.0,1.2,2.04,1,1,1.0,1.0,1.0
732,4822,7,12470,208,15.0,1.2,2.04,1,1,1.0,1.0,1.0
871,2588,7,12470,208,15.0,1.2,2.04,1,1,1.0,1.0,1.0
119,3650,7,12470,208,15.0,1.2,2.04,1,1,1.0,1.0,1.0
591,2754,7,12470,208,15.0,1.2,2.04,1,1,1.0,1.0,1.0
195,4456,7,12470,208,15.0,1.2,2.04,1,1,1.0,1.0,1.0
1914,3364,7,12470,208,15.0,1.2,2.04,1,1,1.0,1.0,1.0
572,2534,7,12470,208,15.0,1.2,2.04,1,1,1.0,1.0,1.0
1272,3512,7,12470,208,15.0,1.2,2.04,1,1,1.0,1.0,1.0
2107,4226,7,12470,208,15.0,1.2,2.04,1,1,1.0,1.0,1.0
2252,2862,7,12470,208,15.0,1.2,2.04,1,1,1.0,1.0,1.0
1284,3032,7,12470,208,15.0,1.2,2.04,1,1,1.0,1.0,1.0
517,3148,7,12470,208,15.0,1.2,2.04,1,1,1.0,1.0,1.0
785,4860,7,12470,208,15.0,1.2,2.04,1,1,1.0,1.0,1.0
2415,3836,7,12470,208,15.0,1.2,2.04,1,1,1.0,1.0,1.0
2207,2560,7,12470,208,15.0,1.2,2.04,1,1,1.0,1.0,1.0
1129,2606,7,12470,208,15.0,1.2,2.04,1,1,1.0,1.0,1.0
2353,2574,7,12470,208,15.0,1.2,2.04,1,1,1.0,1.0,1.0
929,4358,7,12470,208,15.0,1.2,2.04,1,1,1.0,1.0,1.0
127,3514,7,12470,208,15.0,1.2,2.04,1,1,1.0,1.0,1.0
367,3808,7,12470,208,15.0,1.2,2.04,1,1,1.0,1.0,1.0
2423,3430,7,12470,208,15.0,1.2,2.04,1,1,1.0,1.0,1.0
694,4664,7,12470,208,15.0,1.2,2.04,1,1,1.0,1.0,1.0
1246,3988,7,12470,208,15.0,1.2,2.04,1,1,1.0,1.0,1.0
1907,3884,7,12470,208,15.0,1.2,2.04,1,1,1.0,1.0,1.0
742,4430,7,12470,208,15.0,1.2,2.04,1,1,1.0,1.0,1.0
2508,3456,7,12470,208,15.0,1.2,2.04,1,1,1.0,1.0,1.0
392,2824,7,12470,208,15.0,1.2,2.04,1,1,1.0,1.0,1.0
1712,3402,7,12470,208,15.0,1.2,2.04,1,1,1.0,1.0,1.0
2464,4262,7,12470,208,15.0,1.2,2.04,1,1,1.0,1.0,1.0
1771,2814,7,12470,208,15.0,1.2,2.04,1,1,1.0,1.0,1.0
2151,4380,7,12470,208,15.0,1.2,2.04,1,1,1.0,1.0,1.0
2164,3480,7,12470,208,15.0,1.2,2.04,1,1,1.0,1.0,1.0
1856,3420,7,12470,208,15.0,1.2,2.04,1,1,1.0,1.0,1.0
2123,4176,7,12470,208,15.0,1.2,2.04,1,1,1.0,1.0,1.0
1373,3164,7,12470,208,15.0,1.2,2.04,1,1,1.0,1.0,1.0
1702,3878,7,12470,208,15.0,1.2,2.04,1,1,1.0,1.0,1.0
38,4484,7,12470,208,15.0,1.2,2.04,1,1,1.0,1.0,1.0
396,4002,7,12470,208,15.0,1.2,2.04,1,1,1.0,1.0,1.0
1265,4644,7,12470,208,15.0,1.2,2.04,1,1,1.0,1.0,1.0
2447,3270,7,12470,208,15.0,1.2,2.04,1,1,1.0,1.0,1.0
77,3908,7,12470,208,15.0,1.2,2.04,1,1,1.0,1.0,1.0
1047,4208,7,12470,208,15.0,1.2,2.04,1,1,1.0,1.0,1.0
1810,2896,7,12470,208,15.0,1.2,2.04,1,1,1.0,1.0,1.0
2384,3686,7,12470,208,15.0,1.2,2.04,1,1,1.0,1.0,1.0
1118,3582,7,12470,208,15.0,1.2,2.04,1,1,1.0,1.0,1.0
811,2604,7,12470,208,15.0,1.2,2.04,1,1,1.0,1.0,1.0
2046,3294,7,12470,208,15.0,1.2,2.04,1,1,1.0,1.0,1.0
1735,4178,7,12470,208,15.0,1.2,2.04,1,1,1.0,1.0,1.0
1610,4136,7,12470,208,15.0,1.2,2.04,1,1,1.0,1.0,1.0
1055,4814,7,12470,208,15.0,1.2,2.04,1,1,1.0,1.0,1.0
2374,2850,7,12470,208,15.0,1.2,2.04,1,1,1.0,1.0,1.0
766,4296,7,12470,208,15.0,1.2,2.04,1,1,1.0,1.0,1.0
1923,4330,7,12470,208,15.0,1.2,2.04,1,1,1.0,1.0,1.0
1472,4708,7,12470,208,15.0,1.2,2.04,1,1,1.0,1.0,1.0
1574,3262,7,12470,208,15.0,1.2,2.04,1,1,1.0,1.0,1.0
2383,2928,7,12470,208,15.0,1.2,2.04,1,1,1.0,1.0,1.0
43,3668,7,12470,208,15.0,1.2,2.04,1,1,1.0,1.0,1.0
343,4628,7,12470,208,15.0,1.2,2.04,1,1,1.0,1.0,1.0
1782,2988,7,12470,208,15.0,1.2,2.04,1,1,1.0,1.0,1.0
2433,2838,7,12470,208,15.0,1.2,2.04,1,1,1.0,1.0,1.0
2456,2528,7,12470,208,15.0,1.2,2.04,1,1,1.0,1.0,1.0
454,3634,7,12470,208,15.0,1.2,2.04,1,1,1.0,1.0,1.0
1458,3260,7,12470,208,15.0,1.2,2.04,1,1,1.0,1.0,1.0
1216,3980,7,12470,208,15.0,1.2,2.04,1,1,1.0,1.0,1.0
1308,3802,7,12470,208,15.0,1.2,2.04,1,1,1.0,1.0,1.0
2206,3304,7,12470,208,15.0,1.2,2.04,1,1,1.0,1.0,1.0
2393,3438,7,12470,208,15.0,1.2,2.04,1,1,1.0,1.0,1.0
1553,3828,7,12470,208,15.0,1.2,2.04,1,1,1.0,1.0,1.0
2059,4800,7,12470,208,15.0,1.2,2.04,1,1,1.0,1.0,1.0
1647,3356,7,12470,208,15.0,1.2,2.04,1,1,1.0,1.0,1.0
891,4326,7,12470,208,15.0,1.2,2.04,1,1,1.0,1.0,1.0
973,4866,7,12470,208,15.0,1.2,2.04,1,1,1.0,1.0,1.0
1699,3314,7,12470,208,15.0,1.2,2.04,1,1,1.0,1.0,1.0
42,3666,7,12470,208,15.0,1.2,2.04,1,1,1.0,1.0,1.0
1223,3948,7,12470,208,15.0,1.2,2.04,1,1,1.0,1.0,1.0
539,2648,7,12470,208,15.0,1.2,2.04,1,1,1.0,1.0,1.0
2360,3682,7,12470,208,15.0,1.2,2.04,1,1,1.0,1.0,1.0
1673,2684,7,12470,208,15.0,1.2,2.04,1,1,1.0,1.0,1.0
2413,3288,7,12470,208,15.0,1.2,2.04,1,1,1.0,1.0,1.0
494,2686,7,12470,208,15.0,1.2,2.04,1,1,1.0,1.0,1.0
1323,3344,7,12470,208,15.0,1.2,2.04,1,1,1.0,1.0,1.0
1028,4396,7,12470,208,15.0,1.2,2.04,1,1,1.0,1.0,1.0
124,4544,7,12470,208,15.0,1.2,2.04,1,1,1.0,1.0,1.0
779,3080,7,12470,208,15.0,1.2,2.04,1,1,1.0,1.0,1.0
2320,2996,7,12470,208,15.0,1.2,2.04,1,1,1.0,1.0,1.0
1492,3560,7,12470,208,15.0,1.2,2.04,1,1,1.0,1.0,1.0
1920,3384,7,12470,208,15.0,1.2,2.04,1,1,1.0,1.0,1.0
2147,4172,7,12470,208,15.0,1.2,2.04,1,1,1.0,1.0,1.0
681,4654,7,12470,208,15.0,1.2,2.04,1,1,1.0,1.0,1.0
1842,4168,7,12470,208,15.0,1.2,2.04,1,1,1.0,1.0,1.0
2215,4338,7,12470,208,15.0,1.2,2.04,1,1,1.0,1.0,1.0
513,2752,7,12470,208,15.0,1.2,2.04,1,1,1.0,1.0,1.0
2082,3796,7,12470,208,15.0,1.2,2.04,1,1,1.0,1.0,1.0
1296,3132,7,12470,208,15.0,1.2,2.04,1,1,1.0,1.0,1.0
651,4738,7,12470,208,15.0,1.2,2.04,1,1,1.0,1.0,1.0
2039,3960,7,12470,208,15.0,1.2,2.04,1,1,1.0,1.0,1.0
2138,3290,7,12470,208,15.0,1.2,2.04,1,1,1.0,1.0,1.0
1706,3060,7,12470,208,15.0,1.2,2.04,1,1,1.0,1.0,1.0
1726,2524,7,12470,208,15.0,1.2,2.04,1,1,1.0,1.0,1.0
790,3220,7,12470,208,15.0,1.2,2.04,1,1,1.0,1.0,1.0
227,2910,7,12470,208,15.0,1.2,2.04,1,1,1.0,1.0,1.0
2005,3120,7,12470,208,15.0,1.2,2.04,1,1,1.0,1.0,1.0
568,2794,7,12470,208,15.0,1.2,2.04,1,1,1.0,1.0,1.0
287,4288,7,12470,208,15.0,1.2,2.04,1,1,1.0,1.0,1.0
432,3952,7,12470,208,15.0,1.2,2.04,1,1,1.0,1.0,1.0
1578,4808,7,12470,208,15.0,1.2,2.04,1,1,1.0,1.0,1.0
1626,3826,7,12470,208,15.0,1.2,2.04,1,1,1.0,1.0,1.0
1621,3752,7,12470,208,15.0,1.2,2.04,1,1,1.0,1.0,1.0
1769,4598,7,12470,208,15.0,1.2,2.04,1,1,1.0,1.0,1.0
1953,4024,7,12470,208,15.0,1.2,2.04,1,1,1.0,1.0,1.0
2421,2758,7,12470,208,15.0,1.2,2.04,1,1,1.0,1.0,1.0
1848,3768,7,12470,208,15.0,1.2,2.04,1,1,1.0,1.0,1.0
2452,3842,7,12470,208,15.0,1.2,2.04,1,1,1.0,1.0,1.0
1945,4038,7,12470,208,15.0,1.2,2.04,1,1,1.0,1.0,1.0
1256,3622,7,12470,208,15.0,1.2,2.04,1,1,1.0,1.0,1.0
609,3632,7,12470,208,15.0,1.2,2.04,1,1,1.0,1.0,1.0
1319,2642,7,12470,208,15.0,1.2,2.04,1,1,1.0,1.0,1.0
1926,3744,7,12470,208,15.0,1.2,2.04,1,1,1.0,1.0,1.0
2428,2830,7,12470,208,15.0,1.2,2.04,1,1,1.0,1.0,1.0
2432,3198,7,12470,208,15.0,1.2,2.04,1,1,1.0,1.0,1.0
1795,3380,7,12470,208,15.0,1.2,2.04,1,1,1.0,1.0,1.0
435,2536,7,12470,208,15.0,1.2,2.04,1,1,1.0,1.0,1.0
1279,3704,7,12470,208,15.0,1.2,2.04,1,1,1.0,1.0,1.0
2058,4774,7,12470,208,15.0,1.2,2.04,1,1,1.0,1.0,1.0
1135,2668,7,12470,208,15.0,1.2,2.04,1,1,1.0,1.0,1.0
1025,4444,7,12470,208,15.0,1.2,2.04,1,1,1.0,1.0,1.0
705,4796,7,12470,208,15.0,1.2,2.04,1,1,1.0,1.0,1.0
1227,3140,7,12470,208,15.0,1.2,2.04,1,1,1.0,1.0,1.0
1600,3374,7,12470,208,15.0,1.2,2.04,1,1,1.0,1.0,1.0
1331,3186,7,12470,208,15.0,1.2,2.04,1,1,1.0,1.0,1.0
2255,2848,7,12470,208,15.0,1.2,2.04,1,1,1.0,1.0,1.0
88,3644,7,12470,208,15.0,1.2,2.04,1,1,1.0,1.0,1.0
1097,2726,7,12470,208,15.0,1.2,2.04,1,1,1.0,1.0,1.0
1515,4526,7,12470,208,15.0,1.2,2.04,1,1,1.0,1.0,1.0
1160,3094,7,12470,208,15.0,1.2,2.04,1,1,1.0,1.0,1.0
2219,3296,7,12470,208,15.0,1.2,2.04,1,1,1.0,1.0,1.0
1322,3510,7,12470,208,15.0,1.2,2.04,1,1,1.0,1.0,1.0
398,3412,7,12470,208,15.0,1.2,2.04,1,1,1.0,1.0,1.0
2174,2554,7,12470,208,15.0,1.2,2.04,1,1,1.0,1.0,1.0
1823,3882,7,12470,208,15.0,1.2,2.04,1,1,1.0,1.0,1.0
1974,3756,7,12470,208,15.0,1.2,2.04,1,1,1.0,1.0,1.0
1677,2894,7,12470,208,15.0,1.2,2.04,1,1,1.0,1.0,1.0
1998,3750,7,12470,208,15.0,1.2,2.04,1,1,1.0,1.0,1.0
278,2802,7,12470,208,15.0,1.2,2.04,1,1,1.0,1.0,1.0
855,4686,7,12470,208,15.0,1.2,2.04,1,1,1.0,1.0,1.0
2292,3970,7,12470,208,15.0,1.2,2.04,1,1,1.0,1.0,1.0
2334,3822,7,12470,208,15.0,1.2,2.04,1,1,1.0,1.0,1.0
1609,3648,7,12470,208,15.0,1.2,2.04,1,1,1.0,1.0,1.0
1208,4582,7,12470,208,15.0,1.2,2.04,1,1,1.0,1.0,1.0
1414,4196,7,12470,208,15.0,1.2,2.04,1,1,1.0,1.0,1.0
1638,4616,7,12470,208,15.0,1.2,2.04,1,1,1.0,1.0,1.0
2235,4392,7,12470,208,15.0,1.2,2.04,1,1,1.0,1.0,1.0
2156,3292,7,12470,208,15.0,1.2,2.04,1,1,1.0,1.0,1.0
920,4486,7,12470,208,15.0,1.2,2.04,1,1,1.0,1.0,1.0
1851,4770,7,12470,208,15.0,1.2,2.04,1,1,1.0,1.0,1.0
294,2856,7,12470,208,15.0,1.2,2.04,1,1,1.0,1.0,1.0
991,3580,7,12470,208,15.0,1.2,2.04,1,1,1.0,1.0,1.0
2511,2556,7,12470,208,15.0,1.2,2.04,1,1,1.0,1.0,1.0
375,2798,7,12470,208,15.0,1.2,2.04,1,1,1.0,1.0,1.0
297,4292,7,12470,208,15.0,1.2,2.04,1,1,1.0,1.0,1.0
864,4398,7,12470,208,15.0,1.2,2.04,1,1,1.0,1.0,1.0
1179,4408,7,12470,208,15.0,1.2,2.04,1,1,1.0,1.0,1.0
1408,3636,7,12470,208,15.0,1.2,2.04,1,1,1.0,1.0,1.0
610,3626,7,12470,208,15.0,1.2,2.04,1,1,1.0,1.0,1.0
980,4246,7,12470,208,15.0,1.2,2.04,1,1,1.0,1.0,1.0
691,4818,7,12470,208,15.0,1.2,2.04,1,1,1.0,1.0,1.0
2480,2558,7,12470,208,15.0,1.2,2.04,1,1,1.0,1.0,1.0
1051,4194,7,12470,208,15.0,1.2,2.04,1,1,1.0,1.0,1.0
636,3624,7,12470,208,15.0,1.2,2.04,1,1,1.0,1.0,1.0
1385,3584,7,12470,208,15.0,1.2,2.04,1,1,1.0,1.0,1.0
1391,4188,7,12470,208,15.0,1.2,2.04,1,1,1.0,1.0,1.0
1474,4216,7,12470,208,15.0,1.2,2.04,1,1,1.0,1.0,1.0
1015,2596,7,12470,208,15.0,1.2,2.04,1,1,1.0,1.0,1.0
1302,2728,7,12470,208,15.0,1.2,2.04,1,1,1.0,1.0,1.0
1967,4008,7,12470,208,15.0,1.2,2.04,1,1,1.0,1.0,1.0
1496,4626,7,12470,208,15.0,1.2,2.04,1,1,1.0,1.0,1.0
2369,2760,7,12470,208,15.0,1.2,2.04,1,1,1.0,1.0,1.0
2347,2960,7,12470,208,15.0,1.2,2.04,1,1,1.0,1.0,1.0
449,4592,7,12470,208,15.0,1.2,2.04,1,1,1.0,1.0,1.0
1815,4050,7,12470,208,15.0,1.2,2.04,1,1,1.0,1.0,1.0
1871,3398,7,12470,208,15.0,1.2,2.04,1,1,1.0,1.0,1.0
1070,4204,7,12470,208,15.0,1.2,2.04,1,1,1.0,1.0,1.0
2484,2882,7,12470,208,15.0,1.2,2.04,1,1,1.0,1.0,1.0
2182,3210,7,12470,208,15.0,1.2,2.04,1,1,1.0,1.0,1.0
1640,4520,7,12470,208,15.0,1.2,2.04,1,1,1.0,1.0,1.0
1436,4088,7,12470,208,15.0,1.2,2.04,1,1,1.0,1.0,1.0
1913,2816,7,12470,208,15.0,1.2,2.04,1,1,1.0,1.0,1.0
2061,4152,7,12470,208,15.0,1.2,2.04,1,1,1.0,1.0,1.0
2146,2542,7,12470,208,15.0,1.2,2.04,1,1,1.0,1.0,1.0
1982,4006,7,12470,208,15.0,1.2,2.04,1,1,1.0,1.0,1.0
1483,4490,7,12470,208,15.0,1.2,2.04,1,1,1.0,1.0,1.0
1137,3594,7,12470,208,15.0,1.2,2.04,1,1,1.0,1.0,1.0
661,4228,7,12470,208,15.0,1.2,2.04,1,1,1.0,1.0,1.0
2112,4420,7,12470,208,15.0,1.2,2.04,1,1,1.0,1.0,1.0
1120,4600,7,12470,208,15.0,1.2,2.04,1,1,1.0,1.0,1.0
2166,3928,7,12470,208,15.0,1.2,2.04,1,1,1.0,1.0,1.0
1401,2930,7,12470,208,15.0,1.2,2.04,1,1,1.0,1.0,1.0
1406,2956,7,12470,208,15.0,1.2,2.04,1,1,1.0,1.0,1.0
1009,3788,7,12470,208,15.0,1.2,2.04,1,1,1.0,1.0,1.0
1204,3586,7,12470,208,15.0,1.2,2.04,1,1,1.0,1.0,1.0
1972,4022,7,12470,208,15.0,1.2,2.04,1,1,1.0,1.0,1.0
551,3014,7,12470,208,15.0,1.2,2.04,1,1,1.0,1.0,1.0
749,4700,7,12470,208,15.0,1.2,2.04,1,1,1.0,1.0,1.0
1693,3122,7,12470,208,15.0,1.2,2.04,1,1,1.0,1.0,1.0
35,4746,7,12470,208,15.0,1.2,2.04,1,1,1.0,1.0,1.0
35,4748,7,12470,208,15.0,1.2,2.04,1,1,1.0,1.0,1.0
35,4750,7,12470,208,15.0,1.2,2.04,1,1,1.0,1.0,1.0
806,3222,7,12470,208,15.0,1.2,2.04,1,1,1.0,1.0,1.0
2074,3696,7,12470,208,15.0,1.2,2.04,1,1,1.0,1.0,1.0
1627,4150,7,12470,208,15.0,1.2,2.04,1,1,1.0,1.0,1.0
2065,4450,7,12470,208,15.0,1.2,2.04,1,1,1.0,1.0,1.0
1965,2822,7,12470,208,15.0,1.2,2.04,1,1,1.0,1.0,1.0
850,4538,7,12470,208,15.0,1.2,2.04,1,1,1.0,1.0,1.0
1021,4844,7,12470,208,15.0,1.2,2.04,1,1,1.0,1.0,1.0
27,3424,7,12470,208,15.0,1.2,2.04,1,1,1.0,1.0,1.0
27,3426,7,12470,208,15.0,1.2,2.04,1,1,1.0,1.0,1.0
27,3428,7,12470,208,15.0,1.2,2.04,1,1,1.0,1.0,1.0
1388,3732,7,12470,208,15.0,1.2,2.04,1,1,1.0,1.0,1.0
2366,3152,7,12470,208,15.0,1.2,2.04,1,1,1.0,1.0,1.0
856,4688,7,12470,208,15.0,1.2,2.04,1,1,1.0,1.0,1.0
530,3832,7,12470,208,15.0,1.2,2.04,1,1,1.0,1.0,1.0
1395,3088,7,12470,208,15.0,1.2,2.04,1,1,1.0,1.0,1.0
2298,3678,7,12470,208,15.0,1.2,2.04,1,1,1.0,1.0,1.0
2324,2984,7,12470,208,15.0,1.2,2.04,1,1,1.0,1.0,1.0
175,4376,7,12470,208,15.0,1.2,2.04,1,1,1.0,1.0,1.0
1587,4230,7,12470,208,15.0,1.2,2.04,1,1,1.0,1.0,1.0
415,3240,7,12470,208,15.0,1.2,2.04,1,1,1.0,1.0,1.0
2202,4124,7,12470,208,15.0,1.2,2.04,1,1,1.0,1.0,1.0
981,3178,7,12470,208,15.0,1.2,2.04,1,1,1.0,1.0,1.0
1086,2804,7,12470,208,15.0,1.2,2.04,1,1,1.0,1.0,1.0
1886,3362,7,12470,208,15.0,1.2,2.04,1,1,1.0,1.0,1.0
1251,2854,7,12470,208,15.0,1.2,2.04,1,1,1.0,1.0,1.0
683,4676,7,12470,208,15.0,1.2,2.04,1,1,1.0,1.0,1.0
653,4428,7,12470,208,15.0,1.2,2.04,1,1,1.0,1.0,1.0
2057,3820,7,12470,208,15.0,1.2,2.04,1,1,1.0,1.0,1.0
1906,4032,7,12470,208,15.0,1.2,2.04,1,1,1.0,1.0,1.0
983,3230,7,12470,208,15.0,1.2,2.04,1,1,1.0,1.0,1.0
391,2834,7,12470,208,15.0,1.2,2.04,1,1,1.0,1.0,1.0
1824,3888,7,12470,208,15.0,1.2,2.04,1,1,1.0,1.0,1.0
2220,3298,7,12470,208,15.0,1.2,2.04,1,1,1.0,1.0,1.0
1099,4404,7,12470,208,15.0,1.2,2.04,1,1,1.0,1.0,1.0
1916,2778,7,12470,208,15.0,1.2,2.04,1,1,1.0,1.0,1.0
713,4794,7,12470,208,15.0,1.2,2.04,1,1,1.0,1.0,1.0
2333,3452,7,12470,208,15.0,1.2,2.04,1,1,1.0,1.0,1.0
2185,4264,7,12470,208,15.0,1.2,2.04,1,1,1.0,1.0,1.0
2116,4572,7,12470,208,15.0,1.2,2.04,1,1,1.0,1.0,1.0
1954,4468,7,12470,208,15.0,1.2,2.04,1,1,1.0,1.0,1.0
876,4068,7,12470,208,15.0,1.2,2.04,1,1,1.0,1.0,1.0
1970,2620,7,12470,208,15.0,1.2,2.04,1,1,1.0,1.0,1.0
1850,3528,7,12470,208,15.0,1.2,2.04,1,1,1.0,1.0,1.0
1571,3312,7,12470,208,15.0,1.2,2.04,1,1,1.0,1.0,1.0
373,4646,7,12470,208,15.0,1.2,2.04,1,1,1.0,1.0,1.0
1022,4826,7,12470,208,15.0,1.2,2.04,1,1,1.0,1.0,1.0
1697,4042,7,12470,208,15.0,1.2,2.04,1,1,1.0,1.0,1.0
1394,3734,7,12470,208,15.0,1.2,2.04,1,1,1.0,1.0,1.0
506,2994,7,12470,208,15.0,1.2,2.04,1,1,1.0,1.0,1.0
1236,2792,7,12470,208,15.0,1.2,2.04,1,1,1.0,1.0,1.0
1136,3596,7,12470,208,15.0,1.2,2.04,1,1,1.0,1.0,1.0
987,2582,7,12470,208,15.0,1.2,2.04,1,1,1.0,1.0,1.0
1193,2788,7,12470,208,15.0,1.2,2.04,1,1,1.0,1.0,1.0
709,4202,7,12470,208,15.0,1.2,2.04,1,1,1.0,1.0,1.0
922,3106,7,12470,208,15.0,1.2,2.04,1,1,1.0,1.0,1.0
533,2718,7,12470,208,15.0,1.2,2.04,1,1,1.0,1.0,1.0
1104,3912,7,12470,208,15.0,1.2,2.04,1,1,1.0,1.0,1.0
1937,4036,7,12470,208,15.0,1.2,2.04,1,1,1.0,1.0,1.0
2297,3204,7,12470,208,15.0,1.2,2.04,1,1,1.0,1.0,1.0
656,4674,7,12470,208,15.0,1.2,2.04,1,1,1.0,1.0,1.0
1007,4340,7,12470,208,15.0,1.2,2.04,1,1,1.0,1.0,1.0
1267,4000,7,12470,208,15.0,1.2,2.04,1,1,1.0,1.0,1.0
2157,3202,7,12470,208,15.0,1.2,2.04,1,1,1.0,1.0,1.0
755,3110,7,12470,208,15.0,1.2,2.04,1,1,1.0,1.0,1.0
1041,4824,7,12470,208,15.0,1.2,2.04,1,1,1.0,1.0,1.0
248,4278,7,12470,208,15.0,1.2,2.04,1,1,1.0,1.0,1.0
2509,2612,7,12470,208,15.0,1.2,2.04,1,1,1.0,1.0,1.0
1427,2738,7,12470,208,15.0,1.2,2.04,1,1,1.0,1.0,1.0
1888,3396,7,12470,208,15.0,1.2,2.04,1,1,1.0,1.0,1.0
1013,4346,7,12470,208,15.0,1.2,2.04,1,1,1.0,1.0,1.0
2349,3966,7,12470,208,15.0,1.2,2.04,1,1,1.0,1.0,1.0
1509,3466,7,12470,208,15.0,1.2,2.04,1,1,1.0,1.0,1.0
2015,2644,7,12470,208,15.0,1.2,2.04,1,1,1.0,1.0,1.0
1663,3764,7,12470,208,15.0,1.2,2.04,1,1,1.0,1.0,1.0
1987,3880,7,12470,208,15.0,1.2,2.04,1,1,1.0,1.0,1.0
52,3476,7,12470,208,15.0,1.2,2.04,1,1,1.0,1.0,1.0
1562,3306,7,12470,208,15.0,1.2,2.04,1,1,1.0,1.0,1.0
189,4118,7,12470,208,15.0,1.2,2.04,1,1,1.0,1.0,1.0
189,4120,7,12470,208,15.0,1.2,2.04,1,1,1.0,1.0,1.0
189,4122,7,12470,208,15.0,1.2,2.04,1,1,1.0,1.0,1.0
329,2708,7,12470,208,15.0,1.2,2.04,1,1,1.0,1.0,1.0
485,2632,7,12470,208,15.0,1.2,2.04,1,1,1.0,1.0,1.0
2160,4704,7,12470,208,15.0,1.2,2.04,1,1,1.0,1.0,1.0
1644,4214,7,12470,208,15.0,1.2,2.04,1,1,1.0,1.0,1.0
1544,3542,7,12470,208,15.0,1.2,2.04,1,1,1.0,1.0,1.0
2124,3964,7,12470,208,15.0,1.2,2.04,1,1,1.0,1.0,1.0
1003,3126,7,12470,208,15.0,1.2,2.04,1,1,1.0,1.0,1.0
879,4828,7,12470,208,15.0,1.2,2.04,1,1,1.0,1.0,1.0
2434,2578,7,12470,208,15.0,1.2,2.04,1,1,1.0,1.0,1.0
2179,2892,7,12470,208,15.0,1.2,2.04,1,1,1.0,1.0,1.0
2008,4552,7,12470,208,15.0,1.2,2.04,1,1,1.0,1.0,1.0
1437,4090,7,12470,208,15.0,1.2,2.04,1,1,1.0,1.0,1.0
1930,2674,7,12470,208,15.0,1.2,2.04,1,1,1.0,1.0,1.0
2477,2762,7,12470,208,15.0,1.2,2.04,1,1,1.0,1.0,1.0
939,3042,7,12470,208,15.0,1.2,2.04,1,1,1.0,1.0,1.0
2137,4332,7,12470,208,15.0,1.2,2.04,1,1,1.0,1.0,1.0
2217,4322,7,12470,208,15.0,1.2,2.04,1,1,1.0,1.0,1.0
1255,3600,7,12470,208,15.0,1.2,2.04,1,1,1.0,1.0,1.0
1241,3918,7,12470,208,15.0,1.2,2.04,1,1,1.0,1.0,1.0
2419,2968,7,12470,208,15.0,1.2,2.04,1,1,1.0,1.0,1.0
1829,3366,7,12470,208,15.0,1.2,2.04,1,1,1.0,1.0,1.0
960,4534,7,12470,208,15.0,1.2,2.04,1,1,1.0,1.0,1.0
1741,2688,7,12470,208,15.0,1.2,2.04,1,1,1.0,1.0,1.0
2378,3154,7,12470,208,15.0,1.2,2.04,1,1,1.0,1.0,1.0
786,4862,7,12470,208,15.0,1.2,2.04,1,1,1.0,1.0,1.0
258,2934,7,12470,208,15.0,1.2,2.04,1,1,1.0,1.0,1.0
1862,3892,7,12470,208,15.0,1.2,2.04,1,1,1.0,1.0,1.0
1466,2886,7,12470,208,15.0,1.2,2.04,1,1,1.0,1.0,1.0
2141,3816,7,12470,208,15.0,1.2,2.04,1,1,1.0,1.0,1.0
238,2800,7,12470,208,15.0,1.2,2.04,1,1,1.0,1.0,1.0
361,2948,7,12470,208,15.0,1.2,2.04,1,1,1.0,1.0,1.0
818,3472,7,12470,208,15.0,1.2,2.04,1,1,1.0,1.0,1.0
496,3906,7,12470,208,15.0,1.2,2.04,1,1,1.0,1.0,1.0
2168,2982,7,12470,208,15.0,1.2,2.04,1,1,1.0,1.0,1.0
1933,4418,7,12470,208,15.0,1.2,2.04,1,1,1.0,1.0,1.0
2181,4386,7,12470,208,15.0,1.2,2.04,1,1,1.0,1.0,1.0
2117,3692,7,12470,208,15.0,1.2,2.04,1,1,1.0,1.0,1.0
1885,4116,7,12470,208,15.0,1.2,2.04,1,1,1.0,1.0,1.0
1500,4244,7,12470,208,15.0,1.2,2.04,1,1,1.0,1.0,1.0
1092,3500,7,12470,208,15.0,1.2,2.04,1,1,1.0,1.0,1.0
1044,4870,7,12470,208,15.0,1.2,2.04,1,1,1.0,1.0,1.0
1732,3320,7,12470,208,15.0,1.2,2.04,1,1,1.0,1.0,1.0
870,2590,7,12470,208,15.0,1.2,2.04,1,1,1.0,1.0,1.0
743,4466,7,12470,208,15.0,1.2,2.04,1,1,1.0,1.0,1.0
1554,4758,7,12470,208,15.0,1.2,2.04,1,1,1.0,1.0,1.0
1560,3862,7,12470,208,15.0,1.2,2.04,1,1,1.0,1.0,1.0
1123,2592,7,12470,208,15.0,1.2,2.04,1,1,1.0,1.0,1.0
527,2652,7,12470,208,15.0,1.2,2.04,1,1,1.0,1.0,1.0
1936,3612,7,12470,208,15.0,1.2,2.04,1,1,1.0,1.0,1.0
778,4440,7,12470,208,15.0,1.2,2.04,1,1,1.0,1.0,1.0
1929,3876,7,12470,208,15.0,1.2,2.04,1,1,1.0,1.0,1.0
721,4668,7,12470,208,15.0,1.2,2.04,1,1,1.0,1.0,1.0
1661,3348,7,12470,208,15.0,1.2,2.04,1,1,1.0,1.0,1.0
1812,4034,7,12470,208,15.0,1.2,2.04,1,1,1.0,1.0,1.0
1687,2810,7,12470,208,15.0,1.2,2.04,1,1,1.0,1.0,1.0
1404,2666,7,12470,208,15.0,1.2,2.04,1,1,1.0,1.0,1.0
1142,3158,7,12470,208,15.0,1.2,2.04,1,1,1.0,1.0,1.0
1715,3112,7,12470,208,15.0,1.2,2.04,1,1,1.0,1.0,1.0
1682,4012,7,12470,208,15.0,1.2,2.04,1,1,1.0,1.0,1.0
846,4130,7,12470,208,15.0,1.2,2.04,1,1,1.0,1.0,1.0
927,4836,7,12470,208,15.0,1.2,2.04,1,1,1.0,1.0,1.0
1570,3316,7,12470,208,15.0,1.2,2.04,1,1,1.0,1.0,1.0
1343,2636,7,12470,208,15.0,1.2,2.04,1,1,1.0,1.0,1.0
2465,3206,7,12470,208,15.0,1.2,2.04,1,1,1.0,1.0,1.0
55,4610,7,12470,208,15.0,1.2,2.04,1,1,1.0,1.0,1.0
2159,4772,7,12470,208,15.0,1.2,2.04,1,1,1.0,1.0,1.0
1174,4056,7,12470,208,15.0,1.2,2.04,1,1,1.0,1.0,1.0
1457,3258,7,12470,208,15.0,1.2,2.04,1,1,1.0,1.0,1.0
2125,3962,7,12470,208,15.0,1.2,2.04,1,1,1.0,1.0,1.0
1287,3708,7,12470,208,15.0,1.2,2.04,1,1,1.0,1.0,1.0
2319,4612,7,12470,208,15.0,1.2,2.04,1,1,1.0,1.0,1.0
194,3046,7,12470,208,15.0,1.2,2.04,1,1,1.0,1.0,1.0
194,3048,7,12470,208,15.0,1.2,2.04,1,1,1.0,1.0,1.0
194,3050,7,12470,208,15.0,1.2,2.04,1,1,1.0,1.0,1.0
266,3720,7,12470,208,15.0,1.2,2.04,1,1,1.0,1.0,1.0
1523,3548,7,12470,208,15.0,1.2,2.04,1,1,1.0,1.0,1.0
2218,4314,7,12470,208,15.0,1.2,2.04,1,1,1.0,1.0,1.0
1454,4104,7,12470,208,15.0,1.2,2.04,1,1,1.0,1.0,1.0
2203,4154,7,12470,208,15.0,1.2,2.04,1,1,1.0,1.0,1.0
2503,2880,7,12470,208,15.0,1.2,2.04,1,1,1.0,1.0,1.0
554,3022,7,12470,208,15.0,1.2,2.04,1,1,1.0,1.0,1.0
1052,4268,7,12470,208,15.0,1.2,2.04,1,1,1.0,1.0,1.0
1737,4542,7,12470,208,15.0,1.2,2.04,1,1,1.0,1.0,1.0
1327,3156,7,12470,208,15.0,1.2,2.04,1,1,1.0,1.0,1.0
2145,2544,7,12470,208,15.0,1.2,2.04,1,1,1.0,1.0,1.0
1428,4566,7,12470,208,15.0,1.2,2.04,1,1,1.0,1.0,1.0
1632,2682,7,12470,208,15.0,1.2,2.04,1,1,1.0,1.0,1.0
442,2914,7,12470,208,15.0,1.2,2.04,1,1,1.0,1.0,1.0
2459,2568,7,12470,208,15.0,1.2,2.04,1,1,1.0,1.0,1.0
1349,4360,7,12470,208,15.0,1.2,2.04,1,1,1.0,1.0,1.0
2068,4378,7,12470,208,15.0,1.2,2.04,1,1,1.0,1.0,1.0
2195,4548,7,12470,208,15.0,1.2,2.04,1,1,1.0,1.0,1.0
2407,2694,7,12470,208,15.0,1.2,2.04,1,1,1.0,1.0,1.0
1183,3174,7,12470,208,15.0,1.2,2.04,1,1,1.0,1.0,1.0
2121,4098,7,12470,208,15.0,1.2,2.04,1,1,1.0,1.0,1.0
1069,4778,7,12470,208,15.0,1.2,2.04,1,1,1.0,1.0,1.0
2272,2670,7,12470,208,15.0,1.2,2.04,1,1,1.0,1.0,1.0
1371,3134,7,12470,208,15.0,1.2,2.04,1,1,1.0,1.0,1.0
1175,3938,7,12470,208,15.0,1.2,2.04,1,1,1.0,1.0,1.0
70,4580,7,12470,208,15.0,1.2,2.04,1,1,1.0,1.0,1.0
2275,3442,7,12470,208,15.0,1.2,2.04,1,1,1.0,1.0,1.0
2075,3698,7,12470,208,15.0,1.2,2.04,1,1,1.0,1.0,1.0
886,4352,7,12470,208,15.0,1.2,2.04,1,1,1.0,1.0,1.0
1286,3228,7,12470,208,15.0,1.2,2.04,1,1,1.0,1.0,1.0
223,2940,7,12470,208,15.0,1.2,2.04,1,1,1.0,1.0,1.0
291,2890,7,12470,208,15.0,1.2,2.04,1,1,1.0,1.0,1.0
2228,3062,7,12470,208,15.0,1.2,2.04,1,1,1.0,1.0,1.0
1057,4458,7,12470,208,15.0,1.2,2.04,1,1,1.0,1.0,1.0
954,4190,7,12470,208,15.0,1.2,2.04,1,1,1.0,1.0,1.0
1792,3890,7,12470,208,15.0,1.2,2.04,1,1,1.0,1.0,1.0
997,4462,7,12470,208,15.0,1.2,2.04,1,1,1.0,1.0,1.0
1431,4560,7,12470,208,15.0,1.2,2.04,1,1,1.0,1.0,1.0
1947,2900,7,12470,208,15.0,1.2,2.04,1,1,1.0,1.0,1.0
573,3012,7,12470,208,15.0,1.2,2.04,1,1,1.0,1.0,1.0
1779,3522,7,12470,208,15.0,1.2,2.04,1,1,1.0,1.0,1.0
1060,3990,7,12470,208,15.0,1.2,2.04,1,1,1.0,1.0,1.0
2247,3690,7,12470,208,15.0,1.2,2.04,1,1,1.0,1.0,1.0
1074,3096,7,12470,208,15.0,1.2,2.04,1,1,1.0,1.0,1.0
491,4564,7,12470,208,15.0,1.2,2.04,1,1,1.0,1.0,1.0
900,4454,7,12470,208,15.0,1.2,2.04,1,1,1.0,1.0,1.0
2266,3460,7,12470,208,15.0,1.2,2.04,1,1,1.0,1.0,1.0
1465,4416,7,12470,208,15.0,1.2,2.04,1,1,1.0,1.0,1.0
932,4852,7,12470,208,15.0,1.2,2.04,1,1,1.0,1.0,1.0
2305,3824,7,12470,208,15.0,1.2,2.04,1,1,1.0,1.0,1.0
198,4254,7,12470,208,15.0,1.2,2.04,1,1,1.0,1.0,1.0
198,4256,7,12470,208,15.0,1.2,2.04,1,1,1.0,1.0,1.0
198,4258,7,12470,208,15.0,1.2,2.04,1,1,1.0,1.0,1.0
780,4356,7,12470,208,15.0,1.2,2.04,1,1,1.0,1.0,1.0
2149,4726,7,12470,208,15.0,1.2,2.04,1,1,1.0,1.0,1.0
784,4850,7,12470,208,15.0,1.2,2.04,1,1,1.0,1.0,1.0
1809,2656,7,12470,208,15.0,1.2,2.04,1,1,1.0,1.0,1.0
1537,3778,7,12470,208,15.0,1.2,2.04,1,1,1.0,1.0,1.0
2461,2564,7,12470,208,15.0,1.2,2.04,1,1,1.0,1.0,1.0
908,4830,7,12470,208,15.0,1.2,2.04,1,1,1.0,1.0,1.0
2474,3216,7,12470,208,15.0,1.2,2.04,1,1,1.0,1.0,1.0
902,4394,7,12470,208,15.0,1.2,2.04,1,1,1.0,1.0,1.0
1510,3552,7,12470,208,15.0,1.2,2.04,1,1,1.0,1.0,1.0
1852,3360,7,12470,208,15.0,1.2,2.04,1,1,1.0,1.0,1.0
66,3474,7,12470,208,15.0,1.2,2.04,1,1,1.0,1.0,1.0
1484,4488,7,12470,208,15.0,1.2,2.04,1,1,1.0,1.0,1.0
1443,2744,7,12470,208,15.0,1.2,2.04,1,1,1.0,1.0,1.0
1750,2740,7,12470,208,15.0,1.2,2.04,1,1,1.0,1.0,1.0
986,2584,7,12470,208,15.0,1.2,2.04,1,1,1.0,1.0,1.0
445,2998,7,12470,208,15.0,1.2,2.04,1,1,1.0,1.0,1.0
2239,3090,7,12470,208,15.0,1.2,2.04,1,1,1.0,1.0,1.0
2016,2808,7,12470,208,15.0,1.2,2.04,1,1,1.0,1.0,1.0
1904,2990,7,12470,208,15.0,1.2,2.04,1,1,1.0,1.0,1.0
2436,3798,7,12470,208,15.0,1.2,2.04,1,1,1.0,1.0,1.0
213,3998,7,12470,208,15.0,1.2,2.04,1,1,1.0,1.0,1.0
2368,4806,7,12470,208,15.0,1.2,2.04,1,1,1.0,1.0,1.0
2257,4106,7,12470,208,15.0,1.2,2.04,1,1,1.0,1.0,1.0
2443,3076,7,12470,208,15.0,1.2,2.04,1,1,1.0,1.0,1.0
1993,4482,7,12470,208,15.0,1.2,2.04,1,1,1.0,1.0,1.0
1161,4550,7,12470,208,15.0,1.2,2.04,1,1,1.0,1.0,1.0
2367,3604,7,12470,208,15.0,1.2,2.04,1,1,1.0,1.0,1.0
2028,3440,7,12470,208,15.0,1.2,2.04,1,1,1.0,1.0,1.0
1617,3894,7,12470,208,15.0,1.2,2.04,1,1,1.0,1.0,1.0
348,4102,7,12470,208,15.0,1.2,2.04,1,1,1.0,1.0,1.0
669,4670,7,12470,208,15.0,1.2,2.04,1,1,1.0,1.0,1.0
411,4640,7,12470,208,15.0,1.2,2.04,1,1,1.0,1.0,1.0
1336,3494,7,12470,208,15.0,1.2,2.04,1,1,1.0,1.0,1.0
509,3656,7,12470,208,15.0,1.2,2.04,1,1,1.0,1.0,1.0
961,4446,7,12470,208,15.0,1.2,2.04,1,1,1.0,1.0,1.0
776,4508,7,12470,208,15.0,1.2,2.04,1,1,1.0,1.0,1.0
1072,4856,7,12470,208,15.0,1.2,2.04,1,1,1.0,1.0,1.0
1088,3104,7,12470,208,15.0,1.2,2.04,1,1,1.0,1.0,1.0
2444,2624,7,12470,208,15.0,1.2,2.04,1,1,1.0,1.0,1.0
1139,2784,7,12470,208,15.0,1.2,2.04,1,1,1.0,1.0,1.0
67,3470,7,12470,208,15.0,1.2,2.04,1,1,1.0,1.0,1.0
2078,2978,7,12470,208,15.0,1.2,2.04,1,1,1.0,1.0,1.0
1402,3502,7,12470,208,15.0,1.2,2.04,1,1,1.0,1.0,1.0
2025,3642,7,12470,208,15.0,1.2,2.04,1,1,1.0,1.0,1.0
2371,3968,7,12470,208,15.0,1.2,2.04,1,1,1.0,1.0,1.0
1240,4780,7,12470,208,15.0,1.2,2.04,1,1,1.0,1.0,1.0
1376,3142,7,12470,208,15.0,1.2,2.04,1,1,1.0,1.0,1.0
2130,4510,7,12470,208,15.0,1.2,2.04,1,1,1.0,1.0,1.0
1980,3858,7,12470,208,15.0,1.2,2.04,1,1,1.0,1.0,1.0
1625,2746,7,12470,208,15.0,1.2,2.04,1,1,1.0,1.0,1.0
2002,2690,7,12470,208,15.0,1.2,2.04,1,1,1.0,1.0,1.0
1215,4724,7,12470,208,15.0,1.2,2.04,1,1,1.0,1.0,1.0
1480,4198,7,12470,208,15.0,1.2,2.04,1,1,1.0,1.0,1.0
1952,2538,7,12470,208,15.0,1.2,2.04,1,1,1.0,1.0,1.0
686,4790,7,12470,208,15.0,1.2,2.04,1,1,1.0,1.0,1.0
1351,4558,7,12470,208,15.0,1.2,2.04,1,1,1.0,1.0,1.0
701,4422,7,12470,208,15.0,1.2,2.04,1,1,1.0,1.0,1.0
2442,2926,7,12470,208,15.0,1.2,2.04,1,1,1.0,1.0,1.0
2133,2774,7,12470,208,15.0,1.2,2.04,1,1,1.0,1.0,1.0
1573,4782,7,12470,208,15.0,1.2,2.04,1,1,1.0,1.0,1.0
1220,2640,7,12470,208,15.0,1.2,2.04,1,1,1.0,1.0,1.0
1273,2600,7,12470,208,15.0,1.2,2.04,1,1,1.0,1.0,1.0
505,4388,7,12470,208,15.0,1.2,2.04,1,1,1.0,1.0,1.0
521,4584,7,12470,208,15.0,1.2,2.04,1,1,1.0,1.0,1.0
2463,2526,7,12470,208,15.0,1.2,2.04,1,1,1.0,1.0,1.0
2510,3040,7,12470,208,15.0,1.2,2.04,1,1,1.0,1.0,1.0
1140,3924,7,12470,208,15.0,1.2,2.04,1,1,1.0,1.0,1.0
1594,2742,7,12470,208,15.0,1.2,2.04,1,1,1.0,1.0,1.0
1177,3710,7,12470,208,15.0,1.2,2.04,1,1,1.0,1.0,1.0
2205,3214,7,12470,208,15.0,1.2,2.04,1,1,1.0,1.0,1.0
1910,3872,7,12470,208,15.0,1.2,2.04,1,1,1.0,1.0,1.0
1802,3338,7,12470,208,15.0,1.2,2.04,1,1,1.0,1.0,1.0
1451,4304,7,12470,208,15.0,1.2,2.04,1,1,1.0,1.0,1.0
753,4470,7,12470,208,15.0,1.2,2.04,1,1,1.0,1.0,1.0
2513,2610,7,12470,208,15.0,1.2,2.04,1,1,1.0,1.0,1.0
1791,2654,7,12470,208,15.0,1.2,2.04,1,1,1.0,1.0,1.0
2221,4514,7,12470,208,15.0,1.2,2.04,1,1,1.0,1.0,1.0
407,2844,7,12470,208,15.0,1.2,2.04,1,1,1.0,1.0,1.0
131,3664,7,12470,208,15.0,1.2,2.04,1,1,1.0,1.0,1.0
1390,3238,7,12470,208,15.0,1.2,2.04,1,1,1.0,1.0,1.0
1002,3034,7,12470,208,15.0,1.2,2.04,1,1,1.0,1.0,1.0
2312,3192,7,12470,208,15.0,1.2,2.04,1,1,1.0,1.0,1.0
1418,3746,7,12470,208,15.0,1.2,2.04,1,1,1.0,1.0,1.0
1093,2594,7,12470,208,15.0,1.2,2.04,1,1,1.0,1.0,1.0
2072,3976,7,12470,208,15.0,1.2,2.04,1,1,1.0,1.0,1.0
2519,3630,7,12470,208,15.0,1.2,2.04,1,1,1.0,1.0,1.0
193,3052,7,12470,208,15.0,1.2,2.04,1,1,1.0,1.0,1.0
193,3054,7,12470,208,15.0,1.2,2.04,1,1,1.0,1.0,1.0
193,3056,7,12470,208,15.0,1.2,2.04,1,1,1.0,1.0,1.0
1046,2950,7,12470,208,15.0,1.2,2.04,1,1,1.0,1.0,1.0
1348,3736,7,12470,208,15.0,1.2,2.04,1,1,1.0,1.0,1.0
2408,3194,7,12470,208,15.0,1.2,2.04,1,1,1.0,1.0,1.0
654,4736,7,12470,208,15.0,1.2,2.04,1,1,1.0,1.0,1.0
951,4146,7,12470,208,15.0,1.2,2.04,1,1,1.0,1.0,1.0
1641,4562,7,12470,208,15.0,1.2,2.04,1,1,1.0,1.0,1.0
2512,3454,7,12470,208,15.0,1.2,2.04,1,1,1.0,1.0,1.0
1337,2704,7,12470,208,15.0,1.2,2.04,1,1,1.0,1.0,1.0
33,4718,7,12470,208,15.0,1.2,2.04,1,1,1.0,1.0,1.0
33,4720,7,12470,208,15.0,1.2,2.04,1,1,1.0,1.0,1.0
33,4722,7,12470,208,15.0,1.2,2.04,1,1,1.0,1.0,1.0
190,4384,7,12470,208,15.0,1.2,2.04,1,1,1.0,1.0,1.0
2249,2836,7,12470,208,15.0,1.2,2.04,1,1,1.0,1.0,1.0
2026,4350,7,12470,208,15.0,1.2,2.04,1,1,1.0,1.0,1.0
508,4374,7,12470,208,15.0,1.2,2.04,1,1,1.0,1.0,1.0
616,3124,7,12470,208,15.0,1.2,2.04,1,1,1.0,1.0,1.0
143,3670,7,12470,208,15.0,1.2,2.04,1,1,1.0,1.0,1.0
283,2884,7,12470,208,15.0,1.2,2.04,1,1,1.0,1.0,1.0
852,4078,7,12470,208,15.0,1.2,2.04,1,1,1.0,1.0,1.0
1660,3346,7,12470,208,15.0,1.2,2.04,1,1,1.0,1.0,1.0
2246,3688,7,12470,208,15.0,1.2,2.04,1,1,1.0,1.0,1.0
1716,2662,7,12470,208,15.0,1.2,2.04,1,1,1.0,1.0,1.0
1386,3676,7,12470,208,15.0,1.2,2.04,1,1,1.0,1.0,1.0
1234,3224,7,12470,208,15.0,1.2,2.04,1,1,1.0,1.0,1.0
1338,3468,7,12470,208,15.0,1.2,2.04,1,1,1.0,1.0,1.0
1630,4126,7,12470,208,15.0,1.2,2.04,1,1,1.0,1.0,1.0
576,3024,7,12470,208,15.0,1.2,2.04,1,1,1.0,1.0,1.0
576,3026,7,12470,208,15.0,1.2,2.04,1,1,1.0,1.0,1.0
576,3028,7,12470,208,15.0,1.2,2.04,1,1,1.0,1.0,1.0
1225,3170,7,12470,208,15.0,1.2,2.04,1,1,1.0,1.0,1.0
2359,3902,7,12470,208,15.0,1.2,2.04,1,1,1.0,1.0,1.0
1861,3116,7,12470,208,15.0,1.2,2.04,1,1,1.0,1.0,1.0
675,4740,7,12470,208,15.0,1.2,2.04,1,1,1.0,1.0,1.0
1416,3770,7,12470,208,15.0,1.2,2.04,1,1,1.0,1.0,1.0
2054,4872,7,12470,208,15.0,1.2,2.04,1,1,1.0,1.0,1.0
1672,3562,7,12470,208,15.0,1.2,2.04,1,1,1.0,1.0,1.0
671,4792,7,12470,208,15.0,1.2,2.04,1,1,1.0,1.0,1.0
1602,4336,7,12470,208,15.0,1.2,2.04,1,1,1.0,1.0,1.0
181,3254,7,12470,208,15.0,1.2,2.04,1,1,1.0,1.0,1.0
1818,4618,7,12470,208,15.0,1.2,2.04,1,1,1.0,1.0,1.0
1449,3322,7,12470,208,15.0,1.2,2.04,1,1,1.0,1.0,1.0
1141,3922,7,12470,208,15.0,1.2,2.04,1,1,1.0,1.0,1.0
809,4324,7,12470,208,15.0,1.2,2.04,1,1,1.0,1.0,1.0
2281,2712,7,12470,208,15.0,1.2,2.04,1,1,1.0,1.0,1.0
2345,3462,7,12470,208,15.0,1.2,2.04,1,1,1.0,1.0,1.0
2236,3200,7,12470,208,15.0,1.2,2.04,1,1,1.0,1.0,1.0
2154,4054,7,12470,208,15.0,1.2,2.04,1,1,1.0,1.0,1.0
2306,3974,7,12470,208,15.0,1.2,2.04,1,1,1.0,1.0,1.0
1961,2820,7,12470,208,15.0,1.2,2.04,1,1,1.0,1.0,1.0
838,4522,7,12470,208,15.0,1.2,2.04,1,1,1.0,1.0,1.0
2063,4810,7,12470,208,15.0,1.2,2.04,1,1,1.0,1.0,1.0
2450,2566,7,12470,208,15.0,1.2,2.04,1,1,1.0,1.0,1.0
1601,3376,7,12470,208,15.0,1.2,2.04,1,1,1.0,1.0,1.0
1533,3246,7,12470,208,15.0,1.2,2.04,1,1,1.0,1.0,1.0
1877,3516,7,12470,208,15.0,1.2,2.04,1,1,1.0,1.0,1.0
1180,3146,7,12470,208,15.0,1.2,2.04,1,1,1.0,1.0,1.0
1077,4222,7,12470,208,15.0,1.2,2.04,1,1,1.0,1.0,1.0
1731,3870,7,12470,208,15.0,1.2,2.04,1,1,1.0,1.0,1.0
2404,4788,7,12470,208,15.0,1.2,2.04,1,1,1.0,1.0,1.0
168,4648,7,12470,208,15.0,1.2,2.04,1,1,1.0,1.0,1.0
555,3588,7,12470,208,15.0,1.2,2.04,1,1,1.0,1.0,1.0
555,3590,7,12470,208,15.0,1.2,2.04,1,1,1.0,1.0,1.0
555,3592,7,12470,208,15.0,1.2,2.04,1,1,1.0,1.0,1.0
2143,3038,7,12470,208,15.0,1.2,2.04,1,1,1.0,1.0,1.0
1303,3920,7,12470,208,15.0,1.2,2.04,1,1,1.0,1.0,1.0
2192,4182,7,12470,208,15.0,1.2,2.04,1,1,1.0,1.0,1.0
1283,4590,7,12470,208,15.0,1.2,2.04,1,1,1.0,1.0,1.0
2289,4060,7,12470,208,15.0,1.2,2.04,1,1,1.0,1.0,1.0
2478,2768,7,12470,208,15.0,1.2,2.04,1,1,1.0,1.0,1.0
1981,3860,7,12470,208,15.0,1.2,2.04,1,1,1.0,1.0,1.0
972,4864,7,12470,208,15.0,1.2,2.04,1,1,1.0,1.0,1.0
1968,4594,7,12470,208,15.0,1.2,2.04,1,1,1.0,1.0,1.0
1804,3352,7,12470,208,15.0,1.2,2.04,1,1,1.0,1.0,1.0
1698,4682,7,12470,208,15.0,1.2,2.04,1,1,1.0,1.0,1.0
1116,3168,7,12470,208,15.0,1.2,2.04,1,1,1.0,1.0,1.0
839,4854,7,12470,208,15.0,1.2,2.04,1,1,1.0,1.0,1.0
1121,3936,7,12470,208,15.0,1.2,2.04,1,1,1.0,1.0,1.0
2216,2614,7,12470,208,15.0,1.2,2.04,1,1,1.0,1.0,1.0
2223,3568,7,12470,208,15.0,1.2,2.04,1,1,1.0,1.0,1.0
882,4234,7,12470,208,15.0,1.2,2.04,1,1,1.0,1.0,1.0
2194,4546,7,12470,208,15.0,1.2,2.04,1,1,1.0,1.0,1.0
1214,4528,7,12470,208,15.0,1.2,2.04,1,1,1.0,1.0,1.0
928,4838,7,12470,208,15.0,1.2,2.04,1,1,1.0,1.0,1.0
1067,4622,7,12470,208,15.0,1.2,2.04,1,1,1.0,1.0,1.0
1357,3162,7,12470,208,15.0,1.2,2.04,1,1,1.0,1.0,1.0
1210,3030,7,12470,208,15.0,1.2,2.04,1,1,1.0,1.0,1.0
676,4742,7,12470,208,15.0,1.2,2.04,1,1,1.0,1.0,1.0
907,4840,7,12470,208,15.0,1.2,2.04,1,1,1.0,1.0,1.0
1040,3036,7,12470,208,15.0,1.2,2.04,1,1,1.0,1.0,1.0
580,4516,7,12470,208,15.0,1.2,2.04,1,1,1.0,1.0,1.0
2076,2646,7,12470,208,15.0,1.2,2.04,1,1,1.0,1.0,1.0
872,3932,7,12470,208,15.0,1.2,2.04,1,1,1.0,1.0,1.0
1299,3934,7,12470,208,15.0,1.2,2.04,1,1,1.0,1.0,1.0
90,4602,7,12470,208,15.0,1.2,2.04,1,1,1.0,1.0,1.0
1763,3520,7,12470,208,15.0,1.2,2.04,1,1,1.0,1.0,1.0
2291,3432,7,12470,208,15.0,1.2,2.04,1,1,1.0,1.0,1.0
861,3280,7,12470,208,15.0,1.2,2.04,1,1,1.0,1.0,1.0
1595,4092,7,12470,208,15.0,1.2,2.04,1,1,1.0,1.0,1.0
2188,3564,7,12470,208,15.0,1.2,2.04,1,1,1.0,1.0,1.0
1076,4390,7,12470,208,15.0,1.2,2.04,1,1,1.0,1.0,1.0
1133,3098,7,12470,208,15.0,1.2,2.04,1,1,1.0,1.0,1.0
2455,2972,7,12470,208,15.0,1.2,2.04,1,1,1.0,1.0,1.0
1911,2780,7,12470,208,15.0,1.2,2.04,1,1,1.0,1.0,1.0
2440,2706,7,12470,208,15.0,1.2,2.04,1,1,1.0,1.0,1.0
2308,2572,7,12470,208,15.0,1.2,2.04,1,1,1.0,1.0,1.0
1949,3378,7,12470,208,15.0,1.2,2.04,1,1,1.0,1.0,1.0
1297,3618,7,12470,208,15.0,1.2,2.04,1,1,1.0,1.0,1.0
2024,2870,7,12470,208,15.0,1.2,2.04,1,1,1.0,1.0,1.0
1424,4570,7,12470,208,15.0,1.2,2.04,1,1,1.0,1.0,1.0
918,4846,7,12470,208,15.0,1.2,2.04,1,1,1.0,1.0,1.0
2314,2888,7,12470,208,15.0,1.2,2.04,1,1,1.0,1.0,1.0
1995,4044,7,12470,208,15.0,1.2,2.04,1,1,1.0,1.0,1.0
1016,4082,7,12470,208,15.0,1.2,2.04,1,1,1.0,1.0,1.0
1311,3570,7,12470,208,15.0,1.2,2.04,1,1,1.0,1.0,1.0
945,4184,7,12470,208,15.0,1.2,2.04,1,1,1.0,1.0,1.0
867,3108,7,12470,208,15.0,1.2,2.04,1,1,1.0,1.0,1.0
2006,3540,7,12470,208,15.0,1.2,2.04,1,1,1.0,1.0,1.0
1498,4620,7,12470,208,15.0,1.2,2.04,1,1,1.0,1.0,1.0
1944,3252,7,12470,208,15.0,1.2,2.04,1,1,1.0,1.0,1.0
1082,2866,7,12470,208,15.0,1.2,2.04,1,1,1.0,1.0,1.0
1035,4532,7,12470,208,15.0,1.2,2.04,1,1,1.0,1.0,1.0
2131,4156,7,12470,208,15.0,1.2,2.04,1,1,1.0,1.0,1.0
2488,2874,7,12470,208,15.0,1.2,2.04,1,1,1.0,1.0,1.0
1549,3724,7,12470,208,15.0,1.2,2.04,1,1,1.0,1.0,1.0
2129,4472,7,12470,208,15.0,1.2,2.04,1,1,1.0,1.0,1.0
2000,4020,7,12470,208,15.0,1.2,2.04,1,1,1.0,1.0,1.0
1335,4086,7,12470,208,15.0,1.2,2.04,1,1,1.0,1.0,1.0
1078,4112,7,12470,208,15.0,1.2,2.04,1,1,1.0,1.0,1.0
2517,2868,7,12470,208,15.0,1.2,2.04,1,1,1.0,1.0,1.0
1100,3910,7,12470,208,15.0,1.2,2.04,1,1,1.0,1.0,1.0
2108,3658,7,12470,208,15.0,1.2,2.04,1,1,1.0,1.0,1.0
2438,3018,7,12470,208,15.0,1.2,2.04,1,1,1.0,1.0,1.0
2358,3904,7,12470,208,15.0,1.2,2.04,1,1,1.0,1.0,1.0
1879,2776,7,12470,208,15.0,1.2,2.04,1,1,1.0,1.0,1.0
1445,4310,7,12470,208,15.0,1.2,2.04,1,1,1.0,1.0,1.0
1534,3248,7,12470,208,15.0,1.2,2.04,1,1,1.0,1.0,1.0
2361,3684,7,12470,208,15.0,1.2,2.04,1,1,1.0,1.0,1.0
1752,3956,7,12470,208,15.0,1.2,2.04,1,1,1.0,1.0,1.0
1409,2622,7,12470,208,15.0,1.2,2.04,1,1,1.0,1.0,1.0
2180,3478,7,12470,208,15.0,1.2,2.04,1,1,1.0,1.0,1.0
1935,3524,7,12470,208,15.0,1.2,2.04,1,1,1.0,1.0,1.0
1988,4010,7,12470,208,15.0,1.2,2.04,1,1,1.0,1.0,1.0
1586,2750,7,12470,208,15.0,1.2,2.04,1,1,1.0,1.0,1.0
2363,4556,7,12470,208,15.0,1.2,2.04,1,1,1.0,1.0,1.0
317,3416,7,12470,208,15.0,1.2,2.04,1,1,1.0,1.0,1.0
1957,2732,7,12470,208,15.0,1.2,2.04,1,1,1.0,1.0,1.0
1778,2734,7,12470,208,15.0,1.2,2.04,1,1,1.0,1.0,1.0
824,4530,7,12470,208,15.0,1.2,2.04,1,1,1.0,1.0,1.0
1110,3236,7,12470,208,15.0,1.2,2.04,1,1,1.0,1.0,1.0
2153,4624,7,12470,208,15.0,1.2,2.04,1,1,1.0,1.0,1.0
725,4798,7,12470,208,15.0,1.2,2.04,1,1,1.0,1.0,1.0
1128,3898,7,12470,208,15.0,1.2,2.04,1,1,1.0,1.0,1.0
97,4574,7,12470,208,15.0,1.2,2.04,1,1,1.0,1.0,1.0
1344,3576,7,12470,208,15.0,1.2,2.04,1,1,1.0,1.0,1.0
2354,2766,7,12470,208,15.0,1.2,2.04,1,1,1.0,1.0,1.0
2410,2924,7,12470,208,15.0,1.2,2.04,1,1,1.0,1.0,1.0
682,4432,7,12470,208,15.0,1.2,2.04,1,1,1.0,1.0,1.0
837,4588,7,12470,208,15.0,1.2,2.04,1,1,1.0,1.0,1.0
1101,4402,7,12470,208,15.0,1.2,2.04,1,1,1.0,1.0,1.0
1328,3102,7,12470,208,15.0,1.2,2.04,1,1,1.0,1.0,1.0
679,4662,7,12470,208,15.0,1.2,2.04,1,1,1.0,1.0,1.0
1313,3662,7,12470,208,15.0,1.2,2.04,1,1,1.0,1.0,1.0
773,3234,7,12470,208,15.0,1.2,2.04,1,1,1.0,1.0,1.0
1318,4094,7,12470,208,15.0,1.2,2.04,1,1,1.0,1.0,1.0
87,3646,7,12470,208,15.0,1.2,2.04,1,1,1.0,1.0,1.0
1576,2680,7,12470,208,15.0,1.2,2.04,1,1,1.0,1.0,1.0
1675,3638,7,12470,208,15.0,1.2,2.04,1,1,1.0,1.0,1.0
1405,3574,7,12470,208,15.0,1.2,2.04,1,1,1.0,1.0,1.0
1639,4410,7,12470,208,15.0,1.2,2.04,1,1,1.0,1.0,1.0
992,4744,7,12470,208,15.0,1.2,2.04,1,1,1.0,1.0,1.0
1723,3394,7,12470,208,15.0,1.2,2.04,1,1,1.0,1.0,1.0
2398,3284,7,12470,208,15.0,1.2,2.04,1,1,1.0,1.0,1.0
1033,3792,7,12470,208,15.0,1.2,2.04,1,1,1.0,1.0,1.0
1996,3856,7,12470,208,15.0,1.2,2.04,1,1,1.0,1.0,1.0
791,4494,7,12470,208,15.0,1.2,2.04,1,1,1.0,1.0,1.0
2176,3188,7,12470,208,15.0,1.2,2.04,1,1,1.0,1.0,1.0
1730,3868,7,12470,208,15.0,1.2,2.04,1,1,1.0,1.0,1.0
1517,4406,7,12470,208,15.0,1.2,2.04,1,1,1.0,1.0,1.0
2109,4236,7,12470,208,15.0,1.2,2.04,1,1,1.0,1.0,1.0
1068,4186,7,12470,208,15.0,1.2,2.04,1,1,1.0,1.0,1.0
2294,4608,7,12470,208,15.0,1.2,2.04,1,1,1.0,1.0,1.0
1396,4072,7,12470,208,15.0,1.2,2.04,1,1,1.0,1.0,1.0
322,3414,7,12470,208,15.0,1.2,2.04,1,1,1.0,1.0,1.0
2158,4282,7,12470,208,15.0,1.2,2.04,1,1,1.0,1.0,1.0
151,3486,7,12470,208,15.0,1.2,2.04,1,1,1.0,1.0,1.0
914,3694,7,12470,208,15.0,1.2,2.04,1,1,1.0,1.0,1.0
1748,4030,7,12470,208,15.0,1.2,2.04,1,1,1.0,1.0,1.0
1114,3944,7,12470,208,15.0,1.2,2.04,1,1,1.0,1.0,1.0
1934,3340,7,12470,208,15.0,1.2,2.04,1,1,1.0,1.0,1.0
167,4382,7,12470,208,15.0,1.2,2.04,1,1,1.0,1.0,1.0
816,4832,7,12470,208,15.0,1.2,2.04,1,1,1.0,1.0,1.0
1347,3144,7,12470,208,15.0,1.2,2.04,1,1,1.0,1.0,1.0
1997,4614,7,12470,208,15.0,1.2,2.04,1,1,1.0,1.0,1.0
1831,3388,7,12470,208,15.0,1.2,2.04,1,1,1.0,1.0,1.0
1614,4252,7,12470,208,15.0,1.2,2.04,1,1,1.0,1.0,1.0
1994,4018,7,12470,208,15.0,1.2,2.04,1,1,1.0,1.0,1.0
2468,2970,7,12470,208,15.0,1.2,2.04,1,1,1.0,1.0,1.0
270,4500,7,12470,208,15.0,1.2,2.04,1,1,1.0,1.0,1.0
812,4684,7,12470,208,15.0,1.2,2.04,1,1,1.0,1.0,1.0
1927,4272,7,12470,208,15.0,1.2,2.04,1,1,1.0,1.0,1.0
627,3184,7,12470,208,15.0,1.2,2.04,1,1,1.0,1.0,1.0
76,3674,7,12470,208,15.0,1.2,2.04,1,1,1.0,1.0,1.0
1921,3760,7,12470,208,15.0,1.2,2.04,1,1,1.0,1.0,1.0
313,2858,7,12470,208,15.0,1.2,2.04,1,1,1.0,1.0,1.0
1551,3488,7,12470,208,15.0,1.2,2.04,1,1,1.0,1.0,1.0
1618,4414,7,12470,208,15.0,1.2,2.04,1,1,1.0,1.0,1.0
1048,4128,7,12470,208,15.0,1.2,2.04,1,1,1.0,1.0,1.0
1645,3250,7,12470,208,15.0,1.2,2.04,1,1,1.0,1.0,1.0
1353,3806,7,12470,208,15.0,1.2,2.04,1,1,1.0,1.0,1.0
1065,4476,7,12470,208,15.0,1.2,2.04,1,1,1.0,1.0,1.0
1354,2638,7,12470,208,15.0,1.2,2.04,1,1,1.0,1.0,1.0
1597,4212,7,12470,208,15.0,1.2,2.04,1,1,1.0,1.0,1.0
1867,3532,7,12470,208,15.0,1.2,2.04,1,1,1.0,1.0,1.0
1725,3330,7,12470,208,15.0,1.2,2.04,1,1,1.0,1.0,1.0
1529,3242,7,12470,208,15.0,1.2,2.04,1,1,1.0,1.0,1.0
637,2904,7,12470,208,15.0,1.2,2.04,1,1,1.0,1.0,1.0
637,2906,7,12470,208,15.0,1.2,2.04,1,1,1.0,1.0,1.0
637,2908,7,12470,208,15.0,1.2,2.04,1,1,1.0,1.0,1.0
2032,3000,7,12470,208,15.0,1.2,2.04,1,1,1.0,1.0,1.0
1854,3264,7,12470,208,15.0,1.2,2.04,1,1,1.0,1.0,1.0
2397,2966,7,12470,208,15.0,1.2,2.04,1,1,1.0,1.0,1.0
13,4752,7,12470,208,15.0,1.2,2.04,1,1,1.0,1.0,1.0
13,4754,7,12470,208,15.0,1.2,2.04,1,1,1.0,1.0,1.0
13,4756,7,12470,208,15.0,1.2,2.04,1,1,1.0,1.0,1.0
2023,4266,7,12470,208,15.0,1.2,2.04,1,1,1.0,1.0,1.0
680,4666,7,12470,208,15.0,1.2,2.04,1,1,1.0,1.0,1.0
2323,2964,7,12470,208,15.0,1.2,2.04,1,1,1.0,1.0,1.0
909,4064,7,12470,208,15.0,1.2,2.04,1,1,1.0,1.0,1.0
1476,4174,7,12470,208,15.0,1.2,2.04,1,1,1.0,1.0,1.0
2473,4698,7,12470,208,15.0,1.2,2.04,1,1,1.0,1.0,1.0
2183,3212,7,12470,208,15.0,1.2,2.04,1,1,1.0,1.0,1.0
715,4568,7,12470,208,15.0,1.2,2.04,1,1,1.0,1.0,1.0
2437,2630,7,12470,208,15.0,1.2,2.04,1,1,1.0,1.0,1.0
1766,4438,7,12470,208,15.0,1.2,2.04,1,1,1.0,1.0,1.0
1668,4140,7,12470,208,15.0,1.2,2.04,1,1,1.0,1.0,1.0
595,2912,7,12470,208,15.0,1.2,2.04,1,1,1.0,1.0,1.0
1482,3370,7,12470,208,15.0,1.2,2.04,1,1,1.0,1.0,1.0
1252,3100,7,12470,208,15.0,1.2,2.04,1,1,1.0,1.0,1.0
1783,3830,7,12470,208,15.0,1.2,2.04,1,1,1.0,1.0,1.0
2243,2942,7,12470,208,15.0,1.2,2.04,1,1,1.0,1.0,1.0
1325,3702,7,12470,208,15.0,1.2,2.04,1,1,1.0,1.0,1.0
2127,3160,7,12470,208,15.0,1.2,2.04,1,1,1.0,1.0,1.0
1231,3800,7,12470,208,15.0,1.2,2.04,1,1,1.0,1.0,1.0
1653,3854,7,12470,208,15.0,1.2,2.04,1,1,1.0,1.0,1.0
2115,2958,7,12470,208,15.0,1.2,2.04,1,1,1.0,1.0,1.0
399,2826,7,12470,208,15.0,1.2,2.04,1,1,1.0,1.0,1.0
2197,4108,7,12470,208,15.0,1.2,2.04,1,1,1.0,1.0,1.0
2295,3972,7,12470,208,15.0,1.2,2.04,1,1,1.0,1.0,1.0
734,4734,7,12470,208,15.0,1.2,2.04,1,1,1.0,1.0,1.0
1657,4412,7,12470,208,15.0,1.2,2.04,1,1,1.0,1.0,1.0
796,3982,7,12470,208,15.0,1.2,2.04,1,1,1.0,1.0,1.0
2400,2716,7,12470,208,15.0,1.2,2.04,1,1,1.0,1.0,1.0
2492,2548,7,12470,208,15.0,1.2,2.04,1,1,1.0,1.0,1.0
1917,3326,7,12470,208,15.0,1.2,2.04,1,1,1.0,1.0,1.0
1816,2658,7,12470,208,15.0,1.2,2.04,1,1,1.0,1.0,1.0
1620,3812,7,12470,208,15.0,1.2,2.04,1,1,1.0,1.0,1.0
1836,3368,7,12470,208,15.0,1.2,2.04,1,1,1.0,1.0,1.0
2277,3286,7,12470,208,15.0,1.2,2.04,1,1,1.0,1.0,1.0
1543,4306,7,12470,208,15.0,1.2,2.04,1,1,1.0,1.0,1.0
2405,3818,7,12470,208,15.0,1.2,2.04,1,1,1.0,1.0,1.0
629,4052,7,12470,208,15.0,1.2,2.04,1,1,1.0,1.0,1.0
569,3652,7,12470,208,15.0,1.2,2.04,1,1,1.0,1.0,1.0
440,4874,7,12470,208,15.0,1.2,2.04,1,1,1.0,1.0,1.0
1190,2540,7,12470,208,15.0,1.2,2.04,1,1,1.0,1.0,1.0
1539,4286,7,12470,208,15.0,1.2,2.04,1,1,1.0,1.0,1.0
2348,4524,7,12470,208,15.0,1.2,2.04,1,1,1.0,1.0,1.0
2253,2864,7,12470,208,15.0,1.2,2.04,1,1,1.0,1.0,1.0
2268,4702,7,12470,208,15.0,1.2,2.04,1,1,1.0,1.0,1.0
1489,3406,7,12470,208,15.0,1.2,2.04,1,1,1.0,1.0,1.0
540,4690,7,12470,208,15.0,1.2,2.04,1,1,1.0,1.0,1.0
540,4692,7,12470,208,15.0,1.2,2.04,1,1,1.0,1.0,1.0
540,4694,7,12470,208,15.0,1.2,2.04,1,1,1.0,1.0,1.0
800,4132,7,12470,208,15.0,1.2,2.04,1,1,1.0,1.0,1.0
1247,4372,7,12470,208,15.0,1.2,2.04,1,1,1.0,1.0,1.0
970,4080,7,12470,208,15.0,1.2,2.04,1,1,1.0,1.0,1.0
1124,2722,7,12470,208,15.0,1.2,2.04,1,1,1.0,1.0,1.0
2285,2580,7,12470,208,15.0,1.2,2.04,1,1,1.0,1.0,1.0
2267,4448,7,12470,208,15.0,1.2,2.04,1,1,1.0,1.0,1.0
1895,4210,7,12470,208,15.0,1.2,2.04,1,1,1.0,1.0,1.0
460,2618,7,12470,208,15.0,1.2,2.04,1,1,1.0,1.0,1.0
2386,3608,7,12470,208,15.0,1.2,2.04,1,1,1.0,1.0,1.0
1841,3336,7,12470,208,15.0,1.2,2.04,1,1,1.0,1.0,1.0
1876,4224,7,12470,208,15.0,1.2,2.04,1,1,1.0,1.0,1.0
1739,3310,7,12470,208,15.0,1.2,2.04,1,1,1.0,1.0,1.0
698,4650,7,12470,208,15.0,1.2,2.04,1,1,1.0,1.0,1.0
2392,2920,7,12470,208,15.0,1.2,2.04,1,1,1.0,1.0,1.0
2271,3208,7,12470,208,15.0,1.2,2.04,1,1,1.0,1.0,1.0
1787,3324,7,12470,208,15.0,1.2,2.04,1,1,1.0,1.0,1.0
1989,2522,7,12470,208,15.0,1.2,2.04,1,1,1.0,1.0,1.0
1604,3308,7,12470,208,15.0,1.2,2.04,1,1,1.0,1.0,1.0
990,4642,7,12470,208,15.0,1.2,2.04,1,1,1.0,1.0,1.0
101,4274,7,12470,208,15.0,1.2,2.04,1,1,1.0,1.0,1.0
1864,3758,7,12470,208,15.0,1.2,2.04,1,1,1.0,1.0,1.0
2172,3784,7,12470,208,15.0,1.2,2.04,1,1,1.0,1.0,1.0
1658,4170,7,12470,208,15.0,1.2,2.04,1,1,1.0,1.0,1.0
1253,3984,7,12470,208,15.0,1.2,2.04,1,1,1.0,1.0,1.0
975,4004,7,12470,208,15.0,1.2,2.04,1,1,1.0,1.0,1.0
1490,4294,7,12470,208,15.0,1.2,2.04,1,1,1.0,1.0,1.0
1346,4540,7,12470,208,15.0,1.2,2.04,1,1,1.0,1.0,1.0
1370,3128,7,12470,208,15.0,1.2,2.04,1,1,1.0,1.0,1.0
1037,4240,7,12470,208,15.0,1.2,2.04,1,1,1.0,1.0,1.0
2339,2976,7,12470,208,15.0,1.2,2.04,1,1,1.0,1.0,1.0
1946,2736,7,12470,208,15.0,1.2,2.04,1,1,1.0,1.0,1.0
220,2938,7,12470,208,15.0,1.2,2.04,1,1,1.0,1.0,1.0
2280,2710,7,12470,208,15.0,1.2,2.04,1,1,1.0,1.0,1.0
79,3492,7,12470,208,15.0,1.2,2.04,1,1,1.0,1.0,1.0
1238,4634,7,12470,208,15.0,1.2,2.04,1,1,1.0,1.0,1.0
1670,3742,7,12470,208,15.0,1.2,2.04,1,1,1.0,1.0,1.0
1341,3738,7,12470,208,15.0,1.2,2.04,1,1,1.0,1.0,1.0
1592,3268,7,12470,208,15.0,1.2,2.04,1,1,1.0,1.0,1.0
720,4426,7,12470,208,15.0,1.2,2.04,1,1,1.0,1.0,1.0
1680,3386,7,12470,208,15.0,1.2,2.04,1,1,1.0,1.0,1.0
380,2692,7,12470,208,15.0,1.2,2.04,1,1,1.0,1.0,1.0
2388,3196,7,12470,208,15.0,1.2,2.04,1,1,1.0,1.0,1.0
957,4180,7,12470,208,15.0,1.2,2.04,1,1,1.0,1.0,1.0
1030,4192,7,12470,208,15.0,1.2,2.04,1,1,1.0,1.0,1.0
844,3940,7,12470,208,15.0,1.2,2.04,1,1,1.0,1.0,1.0
308,2832,7,12470,208,15.0,1.2,2.04,1,1,1.0,1.0,1.0
155,3712,7,12470,208,15.0,1.2,2.04,1,1,1.0,1.0,1.0
2460,4812,7,12470,208,15.0,1.2,2.04,1,1,1.0,1.0,1.0
823,4730,7,12470,208,15.0,1.2,2.04,1,1,1.0,1.0,1.0
699,4652,7,12470,208,15.0,1.2,2.04,1,1,1.0,1.0,1.0
1131,3086,7,12470,208,15.0,1.2,2.04,1,1,1.0,1.0,1.0
1580,4804,7,12470,208,15.0,1.2,2.04,1,1,1.0,1.0,1.0
1333,3926,7,12470,208,15.0,1.2,2.04,1,1,1.0,1.0,1.0
1767,3728,7,12470,208,15.0,1.2,2.04,1,1,1.0,1.0,1.0
1358,4076,7,12470,208,15.0,1.2,2.04,1,1,1.0,1.0,1.0
2190,3300,7,12470,208,15.0,1.2,2.04,1,1,1.0,1.0,1.0
2279,2570,7,12470,208,15.0,1.2,2.04,1,1,1.0,1.0,1.0
2351,2922,7,12470,208,15.0,1.2,2.04,1,1,1.0,1.0,1.0
1798,3536,7,12470,208,15.0,1.2,2.04,1,1,1.0,1.0,1.0
1356,3166,7,12470,208,15.0,1.2,2.04,1,1,1.0,1.0,1.0
747,4672,7,12470,208,15.0,1.2,2.04,1,1,1.0,1.0,1.0
1749,3392,7,12470,208,15.0,1.2,2.04,1,1,1.0,1.0,1.0
1999,3852,7,12470,208,15.0,1.2,2.04,1,1,1.0,1.0,1.0
1467,4474,7,12470,208,15.0,1.2,2.04,1,1,1.0,1.0,1.0
762,4110,7,12470,208,15.0,1.2,2.04,1,1,1.0,1.0,1.0
1540,3550,7,12470,208,15.0,1.2,2.04,1,1,1.0,1.0,1.0
1545,3544,7,12470,208,15.0,1.2,2.04,1,1,1.0,1.0,1.0
1169,3504,7,12470,208,15.0,1.2,2.04,1,1,1.0,1.0,1.0
1361,2902,7,12470,208,15.0,1.2,2.04,1,1,1.0,1.0,1.0
919,4848,7,12470,208,15.0,1.2,2.04,1,1,1.0,1.0,1.0
1908,2898,7,12470,208,15.0,1.2,2.04,1,1,1.0,1.0,1.0
1729,3350,7,12470,208,15.0,1.2,2.04,1,1,1.0,1.0,1.0
2256,2992,7,12470,208,15.0,1.2,2.04,1,1,1.0,1.0,1.0
1676,3766,7,12470,208,15.0,1.2,2.04,1,1,1.0,1.0,1.0
2274,3436,7,12470,208,15.0,1.2,2.04,1,1,1.0,1.0,1.0
1257,3620,7,12470,208,15.0,1.2,2.04,1,1,1.0,1.0,1.0
2466,3844,7,12470,208,15.0,1.2,2.04,1,1,1.0,1.0,1.0
1624,2676,7,12470,208,15.0,1.2,2.04,1,1,1.0,1.0,1.0
296,4760,7,12470,208,15.0,1.2,2.04,1,1,1.0,1.0,1.0
2229,3614,7,12470,208,15.0,1.2,2.04,1,1,1.0,1.0,1.0
383,3804,7,12470,208,15.0,1.2,2.04,1,1,1.0,1.0,1.0
1950,3408,7,12470,208,15.0,1.2,2.04,1,1,1.0,1.0,1.0
1224,3278,7,12470,208,15.0,1.2,2.04,1,1,1.0,1.0,1.0
1200,3508,7,12470,208,15.0,1.2,2.04,1,1,1.0,1.0,1.0
1547,4498,7,12470,208,15.0,1.2,2.04,1,1,1.0,1.0,1.0
2098,4158,7,12470,208,15.0,1.2,2.04,1,1,1.0,1.0,1.0
1362,3176,7,12470,208,15.0,1.2,2.04,1,1,1.0,1.0,1.0
2034,4218,7,12470,208,15.0,1.2,2.04,1,1,1.0,1.0,1.0
1266,2602,7,12470,208,15.0,1.2,2.04,1,1,1.0,1.0,1.0
1062,3790,7,12470,208,15.0,1.2,2.04,1,1,1.0,1.0,1.0
1893,3780,7,12470,208,15.0,1.2,2.04,1,1,1.0,1.0,1.0
1024,2936,7,12470,208,15.0,1.2,2.04,1,1,1.0,1.0,1.0
1232,2724,7,12470,208,15.0,1.2,2.04,1,1,1.0,1.0,1.0
600,4518,7,12470,208,15.0,1.2,2.04,1,1,1.0,1.0,1.0
2018,3302,7,12470,208,15.0,1.2,2.04,1,1,1.0,1.0,1.0
1901,4014,7,12470,208,15.0,1.2,2.04,1,1,1.0,1.0,1.0
1345,2530,7,12470,208,15.0,1.2,2.04,1,1,1.0,1.0,1.0
2011,2852,7,12470,208,15.0,1.2,2.04,1,1,1.0,1.0,1.0
592,4298,7,12470,208,15.0,1.2,2.04,1,1,1.0,1.0,1.0
1412,3410,7,12470,208,15.0,1.2,2.04,1,1,1.0,1.0,1.0
1167,4762,7,12470,208,15.0,1.2,2.04,1,1,1.0,1.0,1.0
366,3810,7,12470,208,15.0,1.2,2.04,1,1,1.0,1.0,1.0
1721,3342,7,12470,208,15.0,1.2,2.04,1,1,1.0,1.0,1.0
2014,2878,7,12470,208,15.0,1.2,2.04,1,1,1.0,1.0,1.0
1061,4784,7,12470,208,15.0,1.2,2.04,1,1,1.0,1.0,1.0
2486,3448,7,12470,208,15.0,1.2,2.04,1,1,1.0,1.0,1.0
822,4364,7,12470,208,15.0,1.2,2.04,1,1,1.0,1.0,1.0
1181,3276,7,12470,208,15.0,1.2,2.04,1,1,1.0,1.0,1.0
2430,3640,7,12470,208,15.0,1.2,2.04,1,1,1.0,1.0,1.0
1747,3782,7,12470,208,15.0,1.2,2.04,1,1,1.0,1.0,1.0
2073,3978,7,12470,208,15.0,1.2,2.04,1,1,1.0,1.0,1.0
2198,4270,7,12470,208,15.0,1.2,2.04,1,1,1.0,1.0,1.0
2332,3450,7,12470,208,15.0,1.2,2.04,1,1,1.0,1.0,1.0
1294,3172,7,12470,208,15.0,1.2,2.04,1,1,1.0,1.0,1.0
240,2756,7,12470,208,15.0,1.2,2.04,1,1,1.0,1.0,1.0
1309,3986,7,12470,208,15.0,1.2,2.04,1,1,1.0,1.0,1.0
807,4280,7,12470,208,15.0,1.2,2.04,1,1,1.0,1.0,1.0
931,3082,7,12470,208,15.0,1.2,2.04,1,1,1.0,1.0,1.0
1948,2672,7,12470,208,15.0,1.2,2.04,1,1,1.0,1.0,1.0
1905,3846,7,12470,208,15.0,1.2,2.04,1,1,1.0,1.0,1.0
1710,4554,7,12470,208,15.0,1.2,2.04,1,1,1.0,1.0,1.0
1807,3518,7,12470,208,15.0,1.2,2.04,1,1,1.0,1.0,1.0
842,4776,7,12470,208,15.0,1.2,2.04,1,1,1.0,1.0,1.0
68,4604,7,12470,208,15.0,1.2,2.04,1,1,1.0,1.0,1.0
1881,3404,7,12470,208,15.0,1.2,2.04,1,1,1.0,1.0,1.0
2200,4300,7,12470,208,15.0,1.2,2.04,1,1,1.0,1.0,1.0
1115,3942,7,12470,208,15.0,1.2,2.04,1,1,1.0,1.0,1.0
1772,2812,7,12470,208,15.0,1.2,2.04,1,1,1.0,1.0,1.0
988,4502,7,12470,208,15.0,1.2,2.04,1,1,1.0,1.0,1.0
18,4160,7,12470,208,15.0,1.2,2.04,1,1,1.0,1.0,1.0
18,4162,7,12470,208,15.0,1.2,2.04,1,1,1.0,1.0,1.0
18,4164,7,12470,208,15.0,1.2,2.04,1,1,1.0,1.0,1.0
64,4606,7,12470,208,15.0,1.2,2.04,1,1,1.0,1.0,1.0
1276,3616,7,12470,208,15.0,1.2,2.04,1,1,1.0,1.0,1.0
1765,3328,7,12470,208,15.0,1.2,2.04,1,1,1.0,1.0,1.0
1558,3556,7,12470,208,15.0,1.2,2.04,1,1,1.0,1.0,1.0
199,4316,7,12470,208,15.0,1.2,2.04,1,1,1.0,1.0,1.0
199,4318,7,12470,208,15.0,1.2,2.04,1,1,1.0,1.0,1.0
199,4320,7,12470,208,15.0,1.2,2.04,1,1,1.0,1.0,1.0
1478,2748,7,12470,208,15.0,1.2,2.04,1,1,1.0,1.0,1.0
200,3070,7,12470,208,15.0,1.2,2.04,1,1,1.0,1.0,1.0
200,3072,7,12470,208,15.0,1.2,2.04,1,1,1.0,1.0,1.0
200,3074,7,12470,208,15.0,1.2,2.04,1,1,1.0,1.0,1.0
1835,4596,7,12470,208,15.0,1.2,2.04,1,1,1.0,1.0,1.0
560,2532,7,12470,208,15.0,1.2,2.04,1,1,1.0,1.0,1.0
2496,3628,7,12470,208,15.0,1.2,2.04,1,1,1.0,1.0,1.0
1820,2918,7,12470,208,15.0,1.2,2.04,1,1,1.0,1.0,1.0
1519,3114,7,12470,208,15.0,1.2,2.04,1,1,1.0,1.0,1.0
984,3740,7,12470,208,15.0,1.2,2.04,1,1,1.0,1.0,1.0
2372,2944,7,12470,208,15.0,1.2,2.04,1,1,1.0,1.0,1.0
2010,3354,7,12470,208,15.0,1.2,2.04,1,1,1.0,1.0,1.0
1828,2842,7,12470,208,15.0,1.2,2.04,1,1,1.0,1.0,1.0
354,4232,7,12470,208,15.0,1.2,2.04,1,1,1.0,1.0,1.0
1931,4040,7,12470,208,15.0,1.2,2.04,1,1,1.0,1.0,1.0
319,2796,7,12470,208,15.0,1.2,2.04,1,1,1.0,1.0,1.0
1470,3464,7,12470,208,15.0,1.2,2.04,1,1,1.0,1.0,1.0
2100,2986,7,12470,208,15.0,1.2,2.04,1,1,1.0,1.0,1.0
269,4630,7,12470,208,15.0,1.2,2.04,1,1,1.0,1.0,1.0
71,3706,7,12470,208,15.0,1.2,2.04,1,1,1.0,1.0,1.0
1665,4028,7,12470,208,15.0,1.2,2.04,1,1,1.0,1.0,1.0
2343,2772,7,12470,208,15.0,1.2,2.04,1,1,1.0,1.0,1.0
439,3602,7,12470,208,15.0,1.2,2.04,1,1,1.0,1.0,1.0
239,2916,7,12470,208,15.0,1.2,2.04,1,1,1.0,1.0,1.0
2382,2562,7,12470,208,15.0,1.2,2.04,1,1,1.0,1.0,1.0
875,4354,7,12470,208,15.0,1.2,2.04,1,1,1.0,1.0,1.0
1971,3118,7,12470,208,15.0,1.2,2.04,1,1,1.0,1.0,1.0
614,3422,7,12470,208,15.0,1.2,2.04,1,1,1.0,1.0,1.0
1191,2786,7,12470,208,15.0,1.2,2.04,1,1,1.0,1.0,1.0
2336,2714,7,12470,208,15.0,1.2,2.04,1,1,1.0,1.0,1.0
1329,4260,7,12470,208,15.0,1.2,2.04,1,1,1.0,1.0,1.0
803,4238,7,12470,208,15.0,1.2,2.04,1,1,1.0,1.0,1.0
1858,3762,7,12470,208,15.0,1.2,2.04,1,1,1.0,1.0,1.0
863,4342,7,12470,208,15.0,1.2,2.04,1,1,1.0,1.0,1.0
941,4066,7,12470,208,15.0,1.2,2.04,1,1,1.0,1.0,1.0
1590,4636,7,12470,208,15.0,1.2,2.04,1,1,1.0,1.0,1.0
497,3180,7,12470,208,15.0,1.2,2.04,1,1,1.0,1.0,1.0
497,3182,7,12470,208,15.0,1.2,2.04,1,1,1.0,1.0,1.0
