0,1,7,13800.0,0.0,0.0,0.0,0.0,0.0,0.0,0,1.0,1.0,1.0,0.0,-120.0,120.0
1,1,7,13800.0,0.0,0.0,0.0,0.0,0.0,0.0,0
2,1,7,13800.0,0.0,0.0,0.0,0.0,0.0,0.0,0
3,1,7,13800.0,0.0,0.0,0.0,0.0,0.0,0.0,0
4,1,7,13800.0,0.0,0.0,0.0,0.0,0.0,0.0,0
5,1,7,13800.0,0.0,0.0,0.0,0.0,0.0,0.0,0
6,1,7,13800.0,0.0,0.0,0.0,0.0,0.0,0.0,0
7,1,7,13800.0,0.0,0.0,0.0,0.0,0.0,0.0,0
8,1,7,13800.0,0.0,0.0,0.0,0.0,0.0,0.0,0
9,1,7,13800.0,0.0,0.0,0.0,0.0,0.0,0.0,0
10,1,7,13800.0,0.0,0.0,0.0,0.0,0.0,0.0,0
11,1,7,13800.0,0.0,0.0,0.0,0.0,0.0,0.0,0
12,1,7,13800.0,0.0,0.0,0.0,0.0,0.0,0.0,0
13,1,7,13800.0,0.0,0.0,0.0,0.0,0.0,0.0,0
14,1,7,13800.0,0.0,0.0,0.0,0.0,0.0,0.0,0
15,1,7,13800.0,0.0,0.0,0.0,0.0,0.0,0.0,0
16,1,7,13800.0,0.0,0.0,0.0,0.0,0.0,0.0,0
17,1,7,13800.0,0.0,0.0,0.0,0.0,0.0,0.0,0
18,1,7,13800.0,0.0,0.0,0.0,0.0,0.0,0.0,0
19,1,7,13800.0,0.0,0.0,0.0,0.0,0.0,0.0,0
20,1,7,13800.0,0.0,0.0,0.0,0.0,0.0,0.0,0
21,1,7,13800.0,0.0,0.0,0.0,0.0,0.0,0.0,0
22,1,7,13800.0,0.0,0.0,0.0,0.0,0.0,0.0,0
23,1,7,13800.0,0.0,0.0,0.0,0.0,0.0,0.0,0
24,1,7,13800.0,0.0,0.0,0.0,0.0,0.0,0.0,0
25,1,7,13800.0,1.37,0.0,0.0,0.5836175561066006,0.0,0.0,0
26,1,7,13800.0,0.0,0.0,0.0,0.0,0.0,0.0,0
27,1,7,13800.0,0.0,0.0,0.0,0.0,0.0,0.0,0
28,1,7,13800.0,0.0,0.0,0.0,0.0,0.0,0.0,0
29,1,7,13800.0,0.0,0.0,0.0,0.0,0.0,0.0,0
30,1,7,13800.0,0.0,0.0,0.0,0.0,0.0,0.0,0
31,1,7,13800.0,0.0,0.0,0.0,0.0,0.0,0.0,0
32,1,7,13800.0,0.0,0.0,0.0,0.0,0.0,0.0,0
33,1,7,13800.0,0.0,0.0,0.0,0.0,0.0,0.0,0
34,1,7,13800.0,0.0,0.0,0.0,0.0,0.0,0.0,0
35,1,7,13800.0,0.0,0.0,0.0,0.0,0.0,0.0,0
36,1,7,13800.0,0.0,0.0,0.0,0.0,0.0,0.0,0
37,1,7,13800.0,0.0,0.0,0.0,0.0,0.0,0.0,0
38,1,7,13800.0,0.0,0.0,0.0,0.0,0.0,0.0,0
39,1,7,13800.0,0.0,0.0,0.0,0.0,0.0,0.0,0
40,1,7,13800.0,0.0,0.0,0.0,0.0,0.0,0.0,0
41,1,7,13800.0,0.0,0.0,0.0,0.0,0.0,0.0,0
42,1,7,13800.0,0.0,0.0,0.0,0.0,0.0,0.0,0
43,1,7,13800.0,0.0,0.0,0.0,0.0,0.0,0.0,0
44,1,7,13800.0,0.0,0.0,0.0,0.0,0.0,0.0,0
45,1,7,13800.0,0.0,0.0,0.0,0.0,0.0,0.0,0
46,1,7,13800.0,0.0,0.0,0.0,0.0,0.0,0.0,0
47,1,7,13800.0,0.0,0.0,0.0,0.0,0.0,0.0,0
48,1,7,13800.0,0.0,0.0,0.0,0.0,0.0,0.0,0
49,1,7,13800.0,0.0,0.0,0.0,0.0,0.0,0.0,0
50,1,7,13800.0,0.0,0.0,0.0,0.0,0.0,0.0,0
51,1,7,13800.0,0.0,0.0,0.0,0.0,0.0,0.0,0
52,1,7,13800.0,0.0,0.0,0.0,0.0,0.0,0.0,0
53,1,7,13800.0,0.0,0.0,0.0,0.0,0.0,0.0,0
54,1,7,13800.0,0.0,0.0,0.0,0.0,0.0,0.0,0
55,1,7,13800.0,0.0,0.0,0.0,0.0,0.0,0.0,0
56,1,7,13800.0,0.0,0.0,0.0,0.0,0.0,0.0,0
57,1,7,13800.0,0.0,0.0,0.0,0.0,0.0,0.0,0
58,1,7,13800.0,0.0,0.0,0.0,0.0,0.0,0.0,0
59,1,7,13800.0,0.0,0.0,0.0,0.0,0.0,0.0,0
60,1,7,13800.0,0.0,0.0,0.0,0.0,0.0,0.0,0
61,1,7,13800.0,0.0,0.0,0.0,0.0,0.0,0.0,0
62,1,7,13800.0,0.0,0.0,0.0,0.0,0.0,0.0,0
63,1,7,13800.0,0.0,0.0,0.0,0.0,0.0,0.0,0
64,1,7,13800.0,0.0,0.0,0.0,0.0,0.0,0.0,0
65,1,7,13800.0,0.0,0.0,0.0,0.0,0.0,0.0,0
66,1,7,13800.0,1.43,2.42,0.69,0.6091774490747728,1.0309156830496156,0.29393876913398126,0
67,1,7,13800.0,0.0,0.0,0.0,0.0,0.0,0.0,0
68,1,7,13800.0,0.0,0.0,0.0,0.0,0.0,0.0,0
69,1,7,13800.0,0.0,0.0,0.0,0.0,0.0,0.0,0
70,1,7,13800.0,0.0,0.0,0.0,0.0,0.0,0.0,0
71,1,7,13800.0,5.79,4.03,4.2,2.4665296714286256,1.7167728110289053,1.78919250777206,0
72,1,7,13800.0,0.0,0.0,0.0,0.0,0.0,0.0,0
73,1,7,13800.0,0.0,0.0,0.0,0.0,0.0,0.0,0
74,1,7,13800.0,0.0,0.0,0.0,0.0,0.0,0.0,0
75,1,7,13800.0,0.0,0.0,0.0,0.0,0.0,0.0,0
76,1,7,13800.0,0.0,0.0,0.0,0.0,0.0,0.0,0
77,1,7,13800.0,0.0,0.0,0.0,0.0,0.0,0.0,0
78,1,7,13800.0,0.0,0.0,0.0,0.0,0.0,0.0,0
79,1,7,13800.0,0.0,0.0,0.0,0.0,0.0,0.0,0
80,1,7,13800.0,0.0,0.0,0.0,0.0,0.0,0.0,0
81,1,7,13800.0,0.0,0.0,0.0,0.0,0.0,0.0,0
82,1,7,13800.0,2.96,1.0,2.05,1.260954719763166,0.42599821613620475,0.8732963430792197,0
83,1,7,13800.0,0.0,0.0,0.0,0.0,0.0,0.0,0
84,1,7,13800.0,0.0,0.0,0.0,0.0,0.0,0.0,0
85,1,7,13800.0,0.0,0.0,0.0,0.0,0.0,0.0,0
86,1,7,13800.0,0.0,0.0,0.0,0.0,0.0,0.0,0
87,1,7,13800.0,0.0,0.0,0.0,0.0,0.0,0.0,0
88,1,7,13800.0,0.0,0.0,0.0,0.0,0.0,0.0,0
89,1,7,13800.0,0.0,0.0,0.0,0.0,0.0,0.0,0
90,1,7,13800.0,0.0,0.0,0.0,0.0,0.0,0.0,0
91,1,7,13800.0,0.0,0.0,0.0,0.0,0.0,0.0,0
92,1,7,13800.0,0.0,0.0,0.0,0.0,0.0,0.0,0
93,1,7,13800.0,0.0,0.0,0.0,0.0,0.0,0.0,0
94,1,7,13800.0,0.87,1.08,1.3,0.37061844803849814,0.46007807342710116,0.5537976809770662,0
95,1,7,13800.0,0.0,0.0,0.0,0.0,0.0,0.0,0
96,1,7,13800.0,0.0,0.0,0.0,0.0,0.0,0.0,0
97,1,7,13800.0,0.0,0.0,0.0,0.0,0.0,0.0,0
98,1,7,13800.0,0.0,0.0,0.0,0.0,0.0,0.0,0
99,1,7,13800.0,0.0,0.0,0.0,0.0,0.0,0.0,0
100,1,7,13800.0,0.0,0.0,0.0,0.0,0.0,0.0,0
101,1,7,13800.0,0.0,0.0,0.0,0.0,0.0,0.0,0
102,1,7,13800.0,0.0,0.0,0.0,0.0,0.0,0.0,0
103,1,7,13800.0,0.0,0.0,0.0,0.0,0.0,0.0,0
104,1,7,13800.0,0.0,0.0,0.0,0.0,0.0,0.0,0
105,1,7,13800.0,0.0,0.0,0.0,0.0,0.0,0.0,0
106,1,7,13800.0,0.0,0.0,0.0,0.0,0.0,0.0,0
107,1,7,13800.0,0.36,0.36,0.0,0.1533593578090337,0.1533593578090337,0.0,0
108,1,7,13800.0,0.0,0.0,0.0,0.0,0.0,0.0,0
109,1,7,13800.0,0.0,0.0,0.0,0.0,0.0,0.0,0
110,1,7,13800.0,0.0,0.0,0.0,0.0,0.0,0.0,0
111,1,7,13800.0,0.0,0.0,0.0,0.0,0.0,0.0,0
112,1,7,13800.0,0.0,0.0,0.0,0.0,0.0,0.0,0
113,1,7,13800.0,0.0,0.0,0.0,0.0,0.0,0.0,0
114,1,7,13800.0,0.0,0.0,0.0,0.0,0.0,0.0,0
115,1,7,13800.0,0.0,0.0,0.0,0.0,0.0,0.0,0
116,1,7,13800.0,0.0,0.0,0.0,0.0,0.0,0.0,0
117,1,7,13800.0,0.0,0.0,0.0,0.0,0.0,0.0,0
118,1,7,13800.0,0.0,0.0,0.0,0.0,0.0,0.0,0
119,1,7,13800.0,0.0,0.0,0.0,0.0,0.0,0.0,0
120,1,7,13800.0,0.0,0.0,0.0,0.0,0.0,0.0,0
121,1,7,13800.0,0.0,0.0,0.0,0.0,0.0,0.0,0
122,1,7,13800.0,56.1,56.1,56.1,23.898499925241087,23.898499925241087,23.898499925241087,0
123,1,7,13800.0,0.0,0.0,0.0,0.0,0.0,0.0,0
124,1,7,13800.0,0.04,0.0,0.04,0.01703992864544819,0.0,0.01703992864544819,0
125,1,7,13800.0,0.0,0.0,0.0,0.0,0.0,0.0,0
126,1,7,13800.0,0.0,0.0,0.0,0.0,0.0,0.0,0
127,1,7,13800.0,0.0,0.0,0.0,0.0,0.0,0.0,0
128,1,7,13800.0,0.0,0.0,0.0,0.0,0.0,0.0,0
129,1,7,13800.0,0.0,0.0,0.0,0.0,0.0,0.0,0
130,1,7,13800.0,0.0,0.0,0.0,0.0,0.0,0.0,0
131,1,7,13800.0,0.0,0.0,0.0,0.0,0.0,0.0,0
132,1,7,13800.0,0.0,0.0,0.0,0.0,0.0,0.0,0
133,1,7,13800.0,0.0,0.0,0.0,0.0,0.0,0.0,0
134,1,7,13800.0,0.0,0.0,0.0,0.0,0.0,0.0,0
135,1,7,13800.0,2.34,0.93,0.55,0.9968358257587191,0.39617834100667043,0.23429901887491264,0
136,1,7,13800.0,0.05,0.71,0.5,0.02129991080681024,0.3024587334567054,0.21299910806810238,0
137,1,7,13800.0,0.0,0.0,0.0,0.0,0.0,0.0,0
138,1,7,13800.0,0.05,0.0,0.05,0.02129991080681024,0.0,0.02129991080681024,0
139,1,7,13800.0,0.0,0.0,0.0,0.0,0.0,0.0,0
140,1,7,13800.0,0.0,0.0,0.0,0.0,0.0,0.0,0
141,1,7,13800.0,0.0,0.0,0.0,0.0,0.0,0.0,0
142,1,7,13800.0,0.0,0.0,0.0,0.0,0.0,0.0,0
143,1,7,13800.0,0.0,0.0,0.0,0.0,0.0,0.0,0
144,1,7,13800.0,0.0,0.0,0.0,0.0,0.0,0.0,0
145,1,7,13800.0,0.0,0.0,0.0,0.0,0.0,0.0,0
146,1,7,13800.0,3.88,2.35,1.1,1.6528730786084744,1.0010958079200811,0.4685980377498253,0
147,1,7,13800.0,0.0,0.0,0.0,0.0,0.0,0.0,0
148,1,7,13800.0,0.0,0.0,0.0,0.0,0.0,0.0,0
149,1,7,13800.0,0.0,0.0,0.0,0.0,0.0,0.0,0
150,1,7,13800.0,0.0,0.0,0.0,0.0,0.0,0.0,0
151,1,7,13800.0,0.0,0.0,0.0,0.0,0.0,0.0,0
152,1,7,13800.0,0.0,0.0,0.0,0.0,0.0,0.0,0
153,1,7,13800.0,0.0,0.0,0.0,0.0,0.0,0.0,0
154,1,7,13800.0,0.0,0.0,0.0,0.0,0.0,0.0,0
155,1,7,13800.0,0.0,0.0,0.0,0.0,0.0,0.0,0
156,1,7,13800.0,0.0,0.0,0.0,0.0,0.0,0.0,0
157,1,7,13800.0,0.0,0.0,0.0,0.0,0.0,0.0,0
158,1,7,13800.0,0.0,0.0,0.0,0.0,0.0,0.0,0
159,1,7,13800.0,0.0,0.0,0.0,0.0,0.0,0.0,0
160,1,7,13800.0,0.0,0.0,0.0,0.0,0.0,0.0,0
161,1,7,13800.0,0.0,0.0,0.0,0.0,0.0,0.0,0
162,1,7,13800.0,0.0,0.0,0.0,0.0,0.0,0.0,0
163,1,7,13800.0,0.0,0.0,0.0,0.0,0.0,0.0,0
164,1,7,13800.0,0.0,0.0,0.0,0.0,0.0,0.0,0
165,1,7,13800.0,0.0,0.0,0.0,0.0,0.0,0.0,0
166,1,7,13800.0,0.0,0.0,0.0,0.0,0.0,0.0,0
167,1,7,13800.0,0.0,0.0,0.0,0.0,0.0,0.0,0
168,1,7,13800.0,0.0,0.0,0.0,0.0,0.0,0.0,0
169,1,7,13800.0,1.3,1.3,1.3,0.5537976809770662,0.5537976809770662,0.5537976809770662,0
170,1,7,13800.0,0.0,0.0,0.0,0.0,0.0,0.0,0
171,1,7,13800.0,0.0,0.0,0.0,0.0,0.0,0.0,0
172,1,7,13800.0,0.0,0.0,0.0,0.0,0.0,0.0,0
173,1,7,13800.0,1.58,1.58,1.58,0.6730771814952036,0.6730771814952036,0.6730771814952036,0
174,1,7,13800.0,0.0,0.0,0.0,0.0,0.0,0.0,0
175,1,7,13800.0,0.0,0.0,0.0,0.0,0.0,0.0,0
176,1,7,13800.0,0.0,0.0,0.0,0.0,0.0,0.0,0
177,1,7,13800.0,0.0,0.0,0.0,0.0,0.0,0.0,0
178,1,7,13800.0,0.0,0.0,0.0,0.0,0.0,0.0,0
179,1,7,13800.0,0.0,0.0,0.0,0.0,0.0,0.0,0
180,1,7,13800.0,0.0,0.0,0.0,0.0,0.0,0.0,0
181,1,7,13800.0,0.17,0.17,0.17,0.07241969674315481,0.07241969674315481,0.07241969674315481,0
182,1,7,13800.0,0.0,0.0,0.0,0.0,0.0,0.0,0
183,1,7,13800.0,0.0,0.0,0.0,0.0,0.0,0.0,0
184,1,7,13800.0,0.0,0.0,0.0,0.0,0.0,0.0,0
185,1,7,13800.0,0.0,0.0,0.0,0.0,0.0,0.0,0
186,1,7,13800.0,0.0,0.0,0.0,0.0,0.0,0.0,0
187,1,7,13800.0,0.0,0.0,0.0,0.0,0.0,0.0,0
188,1,7,13800.0,0.0,0.0,0.0,0.0,0.0,0.0,0
189,1,7,13800.0,0.0,0.0,0.0,0.0,0.0,0.0,0
190,1,7,13800.0,0.0,0.0,0.0,0.0,0.0,0.0,0
191,1,7,13800.0,0.0,0.0,0.0,0.0,0.0,0.0,0
192,1,7,13800.0,0.0,0.0,0.0,0.0,0.0,0.0,0
193,1,7,13800.0,0.0,0.0,0.0,0.0,0.0,0.0,0
194,1,7,13800.0,0.0,0.0,0.0,0.0,0.0,0.0,0
195,1,7,13800.0,0.0,0.0,0.0,0.0,0.0,0.0,0
196,1,7,13800.0,0.0,0.0,0.0,0.0,0.0,0.0,0
197,1,7,13800.0,0.0,0.0,0.0,0.0,0.0,0.0,0
198,1,7,13800.0,0.0,0.0,0.0,0.0,0.0,0.0,0
199,1,7,13800.0,0.0,0.0,0.0,0.0,0.0,0.0,0
200,1,7,13800.0,0.0,0.0,0.0,0.0,0.0,0.0,0
201,1,7,13800.0,0.0,0.0,0.0,0.0,0.0,0.0,0
202,1,7,13800.0,0.89,0.89,0.89,0.37913841236122225,0.37913841236122225,0.37913841236122225,0
203,1,7,13800.0,0.0,0.0,0.0,0.0,0.0,0.0,0
204,1,7,13800.0,0.0,0.0,0.0,0.0,0.0,0.0,0
205,1,7,13800.0,0.0,0.0,0.0,0.0,0.0,0.0,0
206,1,7,13800.0,0.0,0.0,0.0,0.0,0.0,0.0,0
207,1,7,13800.0,0.0,0.0,0.0,0.0,0.0,0.0,0
208,1,7,13800.0,0.0,0.0,0.0,0.0,0.0,0.0,0
209,1,7,13800.0,0.0,0.0,0.0,0.0,0.0,0.0,0
210,1,7,13800.0,0.0,0.0,0.0,0.0,0.0,0.0,0
211,1,7,13800.0,0.0,0.0,0.0,0.0,0.0,0.0,0
212,1,7,13800.0,1.16,0.05,0.77,0.49415793071799746,0.02129991080681024,0.32801862642487767,0
213,1,7,13800.0,0.0,0.0,0.0,0.0,0.0,0.0,0
214,1,7,13800.0,0.05,0.05,0.0,0.02129991080681024,0.02129991080681024,0.0,0
215,1,7,13800.0,0.0,0.0,0.0,0.0,0.0,0.0,0
216,1,7,13800.0,0.0,0.0,0.0,0.0,0.0,0.0,0
217,1,7,13800.0,0.0,0.0,0.0,0.0,0.0,0.0,0
218,1,7,13800.0,0.0,0.0,0.0,0.0,0.0,0.0,0
219,1,7,13800.0,0.0,0.0,0.0,0.0,0.0,0.0,0
220,1,7,13800.0,0.0,0.0,0.0,0.0,0.0,0.0,0
221,1,7,13800.0,0.0,0.0,0.0,0.0,0.0,0.0,0
222,1,7,13800.0,13.32,13.24,13.01,5.6742962389342475,5.640216381643351,5.542236791932024,0
223,1,7,13800.0,0.16,0.16,0.11,0.06815971458179276,0.06815971458179276,0.04685980377498252,0
224,1,7,13800.0,0.0,0.0,0.0,0.0,0.0,0.0,0
225,1,7,13800.0,0.0,0.0,0.0,0.0,0.0,0.0,0
226,1,7,13800.0,0.0,0.0,0.0,0.0,0.0,0.0,0
227,1,7,13800.0,0.0,0.0,0.0,0.0,0.0,0.0,0
228,1,7,13800.0,0.0,0.0,0.0,0.0,0.0,0.0,0
229,1,7,13800.0,0.0,0.0,0.0,0.0,0.0,0.0,0
230,1,7,13800.0,0.0,0.0,0.0,0.0,0.0,0.0,0
231,1,7,13800.0,0.0,0.0,0.0,0.0,0.0,0.0,0
232,1,7,13800.0,0.0,0.0,0.0,0.0,0.0,0.0,0
233,1,7,13800.0,0.0,0.0,0.0,0.0,0.0,0.0,0
234,1,7,13800.0,0.0,0.0,0.0,0.0,0.0,0.0,0
235,1,7,13800.0,10.61,12.28,11.14,4.519841073205132,5.231258094152594,4.745620127757321,0
236,1,7,13800.0,0.0,0.0,0.0,0.0,0.0,0.0,0
237,1,7,13800.0,0.0,0.0,0.0,0.0,0.0,0.0,0
238,1,7,13800.0,0.05,0.05,0.0,0.02129991080681024,0.02129991080681024,0.0,0
239,1,7,13800.0,0.0,0.0,0.0,0.0,0.0,0.0,0
240,1,7,13800.0,0.0,0.0,0.0,0.0,0.0,0.0,0
241,1,7,13800.0,3.03,3.03,0.0,1.2907745948927003,1.2907745948927003,0.0,0
242,1,7,13800.0,0.0,0.0,0.0,0.0,0.0,0.0,0
243,1,7,13800.0,0.0,0.0,0.0,0.0,0.0,0.0,0
244,1,7,13800.0,0.0,0.0,0.0,0.0,0.0,0.0,0
245,1,7,13800.0,0.0,0.0,0.0,0.0,0.0,0.0,0
246,1,7,13800.0,0.0,0.0,0.0,0.0,0.0,0.0,0
247,1,7,13800.0,0.0,0.0,0.0,0.0,0.0,0.0,0
248,1,7,13800.0,0.0,0.0,0.0,0.0,0.0,0.0,0
249,1,7,13800.0,0.0,0.0,0.0,0.0,0.0,0.0,0
250,1,7,13800.0,0.0,0.0,0.0,0.0,0.0,0.0,0
251,1,7,13800.0,0.0,0.0,0.0,0.0,0.0,0.0,0
252,1,7,13800.0,0.0,0.0,0.0,0.0,0.0,0.0,0
253,1,7,13800.0,0.0,0.0,0.0,0.0,0.0,0.0,0
254,1,7,13800.0,0.0,0.0,0.0,0.0,0.0,0.0,0
255,1,7,13800.0,0.0,0.0,0.0,0.0,0.0,0.0,0
256,1,7,13800.0,0.44,0.44,0.0,0.18743921509993008,0.18743921509993008,0.0,0
257,1,7,13800.0,0.0,0.0,0.0,0.0,0.0,0.0,0
258,1,7,13800.0,0.0,0.0,0.0,0.0,0.0,0.0,0
259,1,7,13800.0,0.0,0.0,0.0,0.0,0.0,0.0,0
260,1,7,13800.0,0.0,0.0,0.0,0.0,0.0,0.0,0
261,1,7,13800.0,1.8,2.66,2.09,0.7667967890451686,1.1331552549223047,0.8903362717246679,0
262,1,7,13800.0,0.0,0.0,0.0,0.0,0.0,0.0,0
263,1,7,13800.0,0.0,0.0,0.0,0.0,0.0,0.0,0
264,1,7,13800.0,0.0,0.0,0.0,0.0,0.0,0.0,0
265,1,7,13800.0,0.0,0.0,0.0,0.0,0.0,0.0,0
266,1,7,13800.0,0.0,0.0,0.0,0.0,0.0,0.0,0
267,1,7,13800.0,0.0,0.0,0.0,0.0,0.0,0.0,0
268,1,7,13800.0,0.0,0.0,0.0,0.0,0.0,0.0,0
269,1,7,13800.0,0.0,0.0,0.0,0.0,0.0,0.0,0
270,1,7,13800.0,0.0,0.0,0.0,0.0,0.0,0.0,0
271,1,7,13800.0,0.0,0.0,0.0,0.0,0.0,0.0,0
272,1,7,13800.0,0.0,0.0,0.0,0.0,0.0,0.0,0
273,1,7,13800.0,0.37,1.7,0.61,0.15761933997039576,0.724196967431548,0.2598589118430849,0
274,1,7,13800.0,0.0,0.0,0.0,0.0,0.0,0.0,0
275,1,7,13800.0,0.0,0.0,0.0,0.0,0.0,0.0,0
276,1,7,13800.0,0.0,0.0,0.0,0.0,0.0,0.0,0
277,1,7,13800.0,0.22,1.34,0.05,0.09371960754996504,0.5708376096225144,0.02129991080681024,0
278,1,7,13800.0,0.0,0.0,0.0,0.0,0.0,0.0,0
279,1,7,13800.0,0.0,0.0,0.0,0.0,0.0,0.0,0
280,1,7,13800.0,0.0,0.0,0.0,0.0,0.0,0.0,0
281,1,7,13800.0,0.06,0.06,0.0,0.025559892968172283,0.025559892968172283,0.0,0
282,1,7,13800.0,0.0,0.0,0.0,0.0,0.0,0.0,0
283,1,7,13800.0,0.0,0.0,0.0,0.0,0.0,0.0,0
284,1,7,13800.0,0.0,0.0,0.0,0.0,0.0,0.0,0
285,1,7,13800.0,0.0,0.0,0.0,0.0,0.0,0.0,0
286,1,7,13800.0,0.0,0.0,0.0,0.0,0.0,0.0,0
287,1,7,13800.0,0.0,0.0,0.0,0.0,0.0,0.0,0
288,1,7,13800.0,0.0,0.0,0.0,0.0,0.0,0.0,0
289,1,7,13800.0,0.0,0.0,0.0,0.0,0.0,0.0,0
290,1,7,13800.0,0.0,0.0,0.0,0.0,0.0,0.0,0
291,1,7,13800.0,0.0,0.29,0.29,0.0,0.12353948267949937,0.12353948267949937,0
292,1,7,13800.0,0.0,0.06,0.06,0.0,0.025559892968172283,0.025559892968172283,0
293,1,7,13800.0,0.0,0.0,0.0,0.0,0.0,0.0,0
294,1,7,13800.0,0.0,0.0,0.0,0.0,0.0,0.0,0
295,1,7,13800.0,0.0,0.0,0.0,0.0,0.0,0.0,0
296,1,7,13800.0,0.0,0.0,0.0,0.0,0.0,0.0,0
297,1,7,13800.0,0.0,0.0,0.0,0.0,0.0,0.0,0
298,1,7,13800.0,0.07,0.06,0.01,0.029819875129534337,0.025559892968172283,0.004259982161362048,0
299,1,7,13800.0,0.0,0.0,0.0,0.0,0.0,0.0,0
300,1,7,13800.0,0.0,0.0,0.0,0.0,0.0,0.0,0
301,1,7,13800.0,0.0,0.0,0.0,0.0,0.0,0.0,0
302,1,7,13800.0,0.0,0.0,0.0,0.0,0.0,0.0,0
303,1,7,13800.0,0.06,0.24,0.3,0.025559892968172283,0.10223957187268913,0.1277994648408614,0
304,1,7,13800.0,0.0,0.0,0.0,0.0,0.0,0.0,0
305,1,7,13800.0,0.0,0.0,0.0,0.0,0.0,0.0,0
306,1,7,13800.0,0.0,0.0,0.0,0.0,0.0,0.0,0
307,1,7,13800.0,0.0,0.0,0.0,0.0,0.0,0.0,0
308,1,7,13800.0,0.0,0.0,0.0,0.0,0.0,0.0,0
309,1,7,13800.0,0.0,0.0,0.0,0.0,0.0,0.0,0
310,1,7,13800.0,0.0,0.0,0.0,0.0,0.0,0.0,0
311,1,7,13800.0,0.0,0.0,0.0,0.0,0.0,0.0,0
312,1,7,13800.0,0.0,0.0,0.0,0.0,0.0,0.0,0
313,1,7,13800.0,0.0,0.0,0.0,0.0,0.0,0.0,0
314,1,7,13800.0,0.06,0.06,0.0,0.025559892968172283,0.025559892968172283,0.0,0
315,1,7,13800.0,0.0,0.0,0.0,0.0,0.0,0.0,0
316,1,7,13800.0,0.0,0.0,0.0,0.0,0.0,0.0,0
317,1,7,13800.0,0.0,0.0,0.0,0.0,0.0,0.0,0
318,1,7,13800.0,0.0,0.0,0.0,0.0,0.0,0.0,0
319,1,7,13800.0,0.0,0.0,0.0,0.0,0.0,0.0,0
320,1,7,13800.0,0.0,0.0,0.0,0.0,0.0,0.0,0
321,1,7,13800.0,0.0,0.0,0.0,0.0,0.0,0.0,0
322,1,7,13800.0,0.0,0.0,0.0,0.0,0.0,0.0,0
323,1,7,13800.0,0.0,0.0,0.0,0.0,0.0,0.0,0
324,1,7,13800.0,0.0,0.0,0.0,0.0,0.0,0.0,0
325,1,7,13800.0,0.0,0.0,0.0,0.0,0.0,0.0,0
326,1,7,13800.0,0.0,0.0,0.0,0.0,0.0,0.0,0
327,1,7,13800.0,0.06,0.0,0.06,0.025559892968172283,0.0,0.025559892968172283,0
328,1,7,13800.0,0.0,0.0,0.0,0.0,0.0,0.0,0
329,1,7,13800.0,0.0,0.0,0.0,0.0,0.0,0.0,0
330,1,7,13800.0,0.0,0.0,0.0,0.0,0.0,0.0,0
331,1,7,13800.0,0.0,0.0,0.0,0.0,0.0,0.0,0
332,1,7,13800.0,0.0,0.0,0.0,0.0,0.0,0.0,0
333,1,7,13800.0,0.0,0.0,0.0,0.0,0.0,0.0,0
334,1,7,13800.0,0.0,0.06,0.06,0.0,0.025559892968172283,0.025559892968172283,0
335,1,7,13800.0,0.05,0.0,0.05,0.02129991080681024,0.0,0.02129991080681024,0
336,1,7,13800.0,0.08,0.08,0.0,0.03407985729089638,0.03407985729089638,0.0,0
337,1,7,13800.0,0.0,0.1,0.1,0.0,0.04259982161362048,0.04259982161362048,0
338,1,7,13800.0,0.0,0.1,0.1,0.0,0.04259982161362048,0.04259982161362048,0
339,1,7,13800.0,0.0,0.1,0.1,0.0,0.04259982161362048,0.04259982161362048,0
340,1,7,13800.0,0.0,0.0,0.0,0.0,0.0,0.0,0
341,1,7,13800.0,0.0,0.0,0.0,0.0,0.0,0.0,0
342,1,7,13800.0,0.0,0.0,0.0,0.0,0.0,0.0,0
343,1,7,13800.0,0.0,0.0,0.0,0.0,0.0,0.0,0
344,1,7,13800.0,0.0,0.0,0.0,0.0,0.0,0.0,0
345,1,7,13800.0,0.0,0.0,0.0,0.0,0.0,0.0,0
346,1,7,13800.0,0.0,0.0,0.0,0.0,0.0,0.0,0
347,1,7,13800.0,0.0,0.0,0.0,0.0,0.0,0.0,0
348,1,7,13800.0,0.0,0.0,0.0,0.0,0.0,0.0,0
349,1,7,13800.0,0.0,0.08,0.08,0.0,0.03407985729089638,0.03407985729089638,0
350,1,7,13800.0,0.08,0.29,0.2,0.03407985729089638,0.12353948267949937,0.08519964322724095,0
351,1,7,13800.0,1.97,2.73,0.58,0.8392164857883233,1.162975130051839,0.24707896535899873,0
352,1,7,13800.0,0.55,0.65,0.65,0.23429901887491264,0.2768988404885331,0.2768988404885331,0
353,1,7,13800.0,0.0,0.1,0.1,0.0,0.04259982161362048,0.04259982161362048,0
354,1,7,13800.0,1.55,1.45,1.55,0.6602972350111174,0.6176974133974968,0.6602972350111174,0
355,1,7,13800.0,0.0,0.0,0.0,0.0,0.0,0.0,0
356,1,7,13800.0,4.89,4.89,4.89,2.083131276906041,2.083131276906041,2.083131276906041,0
357,1,7,13800.0,0.0,0.0,0.0,0.0,0.0,0.0,0
358,1,7,13800.0,0.0,0.0,0.0,0.0,0.0,0.0,0
359,1,7,13800.0,0.0,0.0,0.0,0.0,0.0,0.0,0
360,1,7,13800.0,0.0,0.0,0.0,0.0,0.0,0.0,0
361,1,7,13800.0,0.0,0.0,0.0,0.0,0.0,0.0,0
362,1,7,13800.0,0.0,0.0,0.0,0.0,0.0,0.0,0
363,1,7,13800.0,0.0,0.0,0.0,0.0,0.0,0.0,0
364,1,7,13800.0,0.0,0.0,0.0,0.0,0.0,0.0,0
365,1,7,13800.0,0.0,0.0,0.0,0.0,0.0,0.0,0
366,1,7,13800.0,0.0,0.0,0.0,0.0,0.0,0.0,0
367,1,7,13800.0,0.0,0.0,0.0,0.0,0.0,0.0,0
368,1,7,13800.0,0.0,0.0,0.0,0.0,0.0,0.0,0
369,1,7,13800.0,0.0,0.0,0.0,0.0,0.0,0.0,0
370,1,7,13800.0,0.0,0.0,0.0,0.0,0.0,0.0,0
371,1,7,13800.0,0.0,0.0,0.0,0.0,0.0,0.0,0
372,1,7,13800.0,0.0,0.0,0.0,0.0,0.0,0.0,0
373,1,7,13800.0,0.0,0.0,0.0,0.0,0.0,0.0,0
374,1,7,13800.0,0.0,0.0,0.0,0.0,0.0,0.0,0
375,1,7,13800.0,0.0,0.0,0.0,0.0,0.0,0.0,0
376,1,7,13800.0,0.0,0.0,0.0,0.0,0.0,0.0,0
377,1,7,13800.0,0.0,0.0,0.0,0.0,0.0,0.0,0
378,1,7,13800.0,0.0,0.0,0.0,0.0,0.0,0.0,0
379,1,7,13800.0,0.0,0.0,0.0,0.0,0.0,0.0,0
380,1,7,13800.0,0.0,0.0,0.0,0.0,0.0,0.0,0
381,1,7,13800.0,0.0,0.0,0.0,0.0,0.0,0.0,0
382,1,7,13800.0,0.0,0.0,0.0,0.0,0.0,0.0,0
383,1,7,13800.0,0.0,0.0,0.0,0.0,0.0,0.0,0
384,1,7,13800.0,0.0,0.0,0.0,0.0,0.0,0.0,0
385,1,7,13800.0,0.0,0.0,0.0,0.0,0.0,0.0,0
386,1,7,13800.0,0.0,0.0,0.0,0.0,0.0,0.0,0
387,1,7,13800.0,0.0,0.0,0.0,0.0,0.0,0.0,0
388,1,7,13800.0,0.0,0.0,0.0,0.0,0.0,0.0,0
389,1,7,13800.0,0.0,0.0,0.0,0.0,0.0,0.0,0
390,1,7,13800.0,0.0,0.0,0.0,0.0,0.0,0.0,0
391,1,7,13800.0,0.73,0.69,0.05,0.31097869777942944,0.29393876913398126,0.02129991080681024,0
392,1,7,13800.0,0.05,0.0,1.12,0.02129991080681024,0.0,0.4771180020725494,0
393,1,7,13800.0,0.35,0.55,0.05,0.14909937564767164,0.23429901887491264,0.02129991080681024,0
394,1,7,13800.0,0.42,0.05,0.54,0.178919250777206,0.02129991080681024,0.23003903671355058,0
395,1,7,13800.0,1.74,4.44,2.12,0.7412368960769963,1.8914320796447492,0.9031162182087541,0
396,1,7,13800.0,0.0,0.0,0.0,0.0,0.0,0.0,0
397,1,7,13800.0,0.0,0.0,0.0,0.0,0.0,0.0,0
398,1,7,13800.0,0.0,0.0,0.0,0.0,0.0,0.0,0
399,1,7,13800.0,0.0,0.0,0.0,0.0,0.0,0.0,0
400,1,7,13800.0,0.0,0.0,0.0,0.0,0.0,0.0,0
401,1,7,13800.0,0.0,0.0,0.0,0.0,0.0,0.0,0
402,1,7,13800.0,0.0,0.0,0.0,0.0,0.0,0.0,0
403,1,7,13800.0,0.65,0.7,1.05,0.2768988404885331,0.2981987512953433,0.447298126943015,0
404,1,7,13800.0,0.0,0.0,0.0,0.0,0.0,0.0,0
405,1,7,13800.0,0.0,0.0,0.0,0.0,0.0,0.0,0
406,1,7,13800.0,0.0,0.0,0.0,0.0,0.0,0.0,0
407,1,7,13800.0,0.0,0.0,0.0,0.0,0.0,0.0,0
408,1,7,13800.0,0.0,0.0,0.0,0.0,0.0,0.0,0
409,1,7,13800.0,0.0,0.0,0.0,0.0,0.0,0.0,0
410,1,7,13800.0,0.0,0.0,0.0,0.0,0.0,0.0,0
411,1,7,13800.0,0.0,0.0,0.0,0.0,0.0,0.0,0
412,1,7,13800.0,0.0,0.0,0.0,0.0,0.0,0.0,0
413,1,7,13800.0,0.0,0.0,0.0,0.0,0.0,0.0,0
414,1,7,13800.0,0.0,0.0,0.0,0.0,0.0,0.0,0
415,1,7,13800.0,0.0,0.0,0.0,0.0,0.0,0.0,0
416,1,7,13800.0,0.0,0.0,0.0,0.0,0.0,0.0,0
417,1,7,13800.0,0.0,0.0,0.0,0.0,0.0,0.0,0
418,1,7,13800.0,0.0,1.28,0.05,0.0,0.5452777166543421,0.02129991080681024,0
419,1,7,13800.0,0.0,0.0,0.0,0.0,0.0,0.0,0
420,1,7,13800.0,0.0,0.0,0.0,0.0,0.0,0.0,0
421,1,7,13800.0,0.0,0.0,0.0,0.0,0.0,0.0,0
422,1,7,13800.0,0.0,0.05,0.05,0.0,0.02129991080681024,0.02129991080681024,0
423,1,7,13800.0,1.1,1.53,1.02,0.4685980377498253,0.6517772706883933,0.43451818045892887,0
424,1,7,13800.0,1.38,0.52,0.0,0.5878775382679625,0.2215190723908265,0.0,0
425,1,7,13800.0,0.05,0.32,0.26,0.02129991080681024,0.13631942916358553,0.11075953619541325,0
426,1,7,13800.0,0.52,0.92,0.5,0.2215190723908265,0.3919183588453084,0.21299910806810238,0
427,1,7,13800.0,0.05,1.83,1.43,0.02129991080681024,0.7795767355292548,0.6091774490747728,0
428,1,7,13800.0,0.0,0.0,0.0,0.0,0.0,0.0,0
429,1,7,13800.0,0.0,0.0,0.0,0.0,0.0,0.0,0
430,1,7,13800.0,0.0,0.0,0.0,0.0,0.0,0.0,0
431,1,7,13800.0,0.0,0.0,0.0,0.0,0.0,0.0,0
432,1,7,13800.0,0.0,0.0,0.0,0.0,0.0,0.0,0
433,1,7,13800.0,0.0,0.0,0.0,0.0,0.0,0.0,0
434,1,7,13800.0,0.0,0.0,0.0,0.0,0.0,0.0,0
435,1,7,13800.0,0.0,0.0,0.0,0.0,0.0,0.0,0
436,1,7,13800.0,0.0,0.0,0.0,0.0,0.0,0.0,0
437,1,7,13800.0,0.0,0.0,0.0,0.0,0.0,0.0,0
438,1,7,13800.0,0.0,0.0,0.0,0.0,0.0,0.0,0
439,1,7,13800.0,0.0,0.0,0.0,0.0,0.0,0.0,0
440,1,7,13800.0,0.0,0.0,0.0,0.0,0.0,0.0,0
441,1,7,13800.0,0.0,0.0,0.0,0.0,0.0,0.0,0
442,1,7,13800.0,0.0,0.0,0.0,0.0,0.0,0.0,0
443,1,7,13800.0,0.0,0.0,0.0,0.0,0.0,0.0,0
444,1,7,13800.0,0.0,0.0,0.0,0.0,0.0,0.0,0
445,1,7,13800.0,5.2,5.15,4.52,2.2151907239082647,2.1938908131014547,1.9255119369356453,0
446,1,7,13800.0,0.0,0.0,0.0,0.0,0.0,0.0,0
447,1,7,13800.0,0.0,0.0,0.0,0.0,0.0,0.0,0
448,1,7,13800.0,1.21,0.73,0.59,0.5154578415248078,0.31097869777942944,0.2513389475203608,0
449,1,7,13800.0,0.0,0.0,0.0,0.0,0.0,0.0,0
450,1,7,13800.0,0.0,0.0,0.0,0.0,0.0,0.0,0
451,1,7,13800.0,0.0,0.0,0.0,0.0,0.0,0.0,0
452,1,7,13800.0,0.0,0.0,0.0,0.0,0.0,0.0,0
453,1,7,13800.0,0.0,0.0,0.0,0.0,0.0,0.0,0
454,1,7,13800.0,0.0,0.0,0.0,0.0,0.0,0.0,0
455,1,7,13800.0,0.0,0.0,0.0,0.0,0.0,0.0,0
456,1,7,13800.0,0.0,0.0,0.0,0.0,0.0,0.0,0
457,1,7,13800.0,0.0,0.0,0.0,0.0,0.0,0.0,0
458,1,7,13800.0,0.0,0.0,0.0,0.0,0.0,0.0,0
459,1,7,13800.0,0.0,0.0,0.0,0.0,0.0,0.0,0
460,1,7,13800.0,0.0,0.0,0.0,0.0,0.0,0.0,0
461,1,7,13800.0,0.0,0.0,0.0,0.0,0.0,0.0,0
462,1,7,13800.0,0.0,0.0,0.0,0.0,0.0,0.0,0
463,1,7,13800.0,0.0,0.0,0.0,0.0,0.0,0.0,0
464,1,7,13800.0,0.0,0.0,0.0,0.0,0.0,0.0,0
465,1,7,13800.0,0.0,0.0,0.0,0.0,0.0,0.0,0
466,1,7,13800.0,0.0,0.0,0.0,0.0,0.0,0.0,0
467,1,7,13800.0,0.0,0.0,0.0,0.0,0.0,0.0,0
468,1,7,13800.0,0.0,0.0,0.0,0.0,0.0,0.0,0
469,1,7,13800.0,0.0,0.0,0.0,0.0,0.0,0.0,0
470,1,7,13800.0,0.0,0.0,0.0,0.0,0.0,0.0,0
471,1,7,13800.0,0.0,0.0,0.0,0.0,0.0,0.0,0
472,1,7,13800.0,0.0,0.0,0.0,0.0,0.0,0.0,0
473,1,7,13800.0,0.0,0.0,0.0,0.0,0.0,0.0,0
474,1,7,13800.0,0.0,0.0,0.0,0.0,0.0,0.0,0
475,1,7,13800.0,0.0,0.63,0.08,0.0,0.268378876165809,0.03407985729089638,0
476,1,7,13800.0,0.0,0.0,0.0,0.0,0.0,0.0,0
477,1,7,13800.0,0.0,0.0,0.0,0.0,0.0,0.0,0
478,1,7,13800.0,0.0,0.0,0.0,0.0,0.0,0.0,0
479,1,7,13800.0,0.0,0.0,0.0,0.0,0.0,0.0,0
480,1,7,13800.0,0.0,0.0,0.0,0.0,0.0,0.0,0
481,1,7,13800.0,0.0,0.0,0.0,0.0,0.0,0.0,0
482,1,7,13800.0,0.0,0.0,0.0,0.0,0.0,0.0,0
483,1,7,13800.0,0.0,0.0,0.0,0.0,0.0,0.0,0
484,1,7,13800.0,0.0,0.0,0.0,0.0,0.0,0.0,0
485,1,7,13800.0,0.0,0.0,0.0,0.0,0.0,0.0,0
486,1,7,13800.0,0.0,0.0,0.0,0.0,0.0,0.0,0
487,1,7,13800.0,0.0,0.0,0.0,0.0,0.0,0.0,0
488,1,7,13800.0,0.0,0.0,0.0,0.0,0.0,0.0,0
489,1,7,13800.0,0.0,0.0,0.0,0.0,0.0,0.0,0
490,1,7,13800.0,0.0,0.0,0.0,0.0,0.0,0.0,0
491,1,7,13800.0,0.0,0.0,0.0,0.0,0.0,0.0,0
492,1,7,13800.0,0.0,0.0,0.0,0.0,0.0,0.0,0
493,1,7,13800.0,0.0,0.0,0.0,0.0,0.0,0.0,0
494,1,7,13800.0,0.0,0.0,0.0,0.0,0.0,0.0,0
495,1,7,13800.0,0.0,0.0,0.0,0.0,0.0,0.0,0
496,1,7,13800.0,0.0,0.0,0.0,0.0,0.0,0.0,0
497,1,7,13800.0,0.0,0.0,0.0,0.0,0.0,0.0,0
498,1,7,13800.0,0.0,0.0,0.0,0.0,0.0,0.0,0
499,1,7,13800.0,0.0,0.0,0.0,0.0,0.0,0.0,0
500,1,7,13800.0,0.0,0.0,0.0,0.0,0.0,0.0,0
501,1,7,13800.0,0.0,0.0,0.0,0.0,0.0,0.0,0
502,1,7,13800.0,1.58,1.39,0.23,0.6730771814952036,0.5921375204293245,0.0979795897113271,0
503,1,7,13800.0,0.0,0.0,0.0,0.0,0.0,0.0,0
504,1,7,13800.0,0.0,0.0,0.0,0.0,0.0,0.0,0
505,1,7,13800.0,3.32,0.57,0.79,1.4143140775721996,0.2428189831976367,0.3365385907476018,0
506,1,7,13800.0,0.0,0.0,0.0,0.0,0.0,0.0,0
507,1,7,13800.0,0.0,0.0,0.0,0.0,0.0,0.0,0
508,1,7,13800.0,0.0,0.0,0.0,0.0,0.0,0.0,0
509,1,7,13800.0,0.0,0.0,0.0,0.0,0.0,0.0,0
510,1,7,13800.0,1.66,1.66,0.66,0.7071570387860998,0.7071570387860998,0.28115882264989517,0
511,1,7,13800.0,0.0,0.0,0.0,0.0,0.0,0.0,0
512,1,7,13800.0,0.0,0.0,0.0,0.0,0.0,0.0,0
513,1,7,13800.0,0.99,2.21,1.84,0.4217382339748427,0.9414560576610125,0.7838367176906168,0
514,1,7,13800.0,0.0,0.0,0.0,0.0,0.0,0.0,0
515,1,7,13800.0,0.0,0.0,0.0,0.0,0.0,0.0,0
516,1,7,13800.0,0.05,0.95,0.0,0.02129991080681024,0.4046983053293945,0.0,0
517,1,7,13800.0,0.0,0.0,0.0,0.0,0.0,0.0,0
518,1,7,13800.0,0.0,0.0,0.0,0.0,0.0,0.0,0
519,1,7,13800.0,0.0,0.0,0.0,0.0,0.0,0.0,0
520,1,7,13800.0,0.0,0.0,0.0,0.0,0.0,0.0,0
521,1,7,13800.0,1.01,0.05,0.57,0.4302581982975668,0.02129991080681024,0.2428189831976367,0
522,1,7,13800.0,0.0,0.05,0.05,0.0,0.02129991080681024,0.02129991080681024,0
523,1,7,13800.0,0.0,0.0,0.0,0.0,0.0,0.0,0
524,1,7,13800.0,0.05,0.74,0.68,0.02129991080681024,0.3152386799407915,0.28967878697261923,0
525,1,7,13800.0,0.0,0.0,0.0,0.0,0.0,0.0,0
526,1,7,13800.0,2.17,2.11,0.58,0.9244161290155642,0.898856236047392,0.24707896535899873,0
527,1,7,13800.0,0.0,0.0,0.0,0.0,0.0,0.0,0
528,1,7,13800.0,0.1,0.05,0.98,0.04259982161362048,0.02129991080681024,0.41747825181348064,0
529,1,7,13800.0,0.0,0.05,0.05,0.0,0.02129991080681024,0.02129991080681024,0
530,1,7,13800.0,0.0,0.0,0.0,0.0,0.0,0.0,0
531,1,7,13800.0,0.0,0.0,0.0,0.0,0.0,0.0,0
532,1,7,13800.0,0.0,0.08,0.08,0.0,0.03407985729089638,0.03407985729089638,0
533,1,7,13800.0,0.0,0.0,0.0,0.0,0.0,0.0,0
534,1,7,13800.0,0.0,0.0,0.0,0.0,0.0,0.0,0
535,1,7,13800.0,3.8,5.88,3.64,1.618793221317578,2.504869510880884,1.5506335067357853,0
536,1,7,13800.0,0.0,0.0,0.0,0.0,0.0,0.0,0
537,1,7,13800.0,0.0,0.0,0.0,0.0,0.0,0.0,0
538,1,7,13800.0,1.18,2.11,2.33,0.5026778950407216,0.898856236047392,0.9925758435973571,0
539,1,7,13800.0,0.0,0.0,0.0,0.0,0.0,0.0,0
540,1,7,13800.0,0.0,0.0,0.0,0.0,0.0,0.0,0
541,1,7,13800.0,0.0,0.0,0.0,0.0,0.0,0.0,0
542,1,7,13800.0,0.0,0.0,0.0,0.0,0.0,0.0,0
543,1,7,13800.0,0.0,0.0,0.0,0.0,0.0,0.0,0
544,1,7,13800.0,0.0,0.0,0.0,0.0,0.0,0.0,0
545,1,7,13800.0,0.0,0.0,0.0,0.0,0.0,0.0,0
546,1,7,13800.0,0.0,0.0,0.0,0.0,0.0,0.0,0
547,1,7,13800.0,0.0,0.0,0.0,0.0,0.0,0.0,0
548,1,7,13800.0,0.0,0.0,0.0,0.0,0.0,0.0,0
549,1,7,13800.0,0.0,0.0,0.0,0.0,0.0,0.0,0
550,1,7,13800.0,0.0,0.0,0.0,0.0,0.0,0.0,0
551,1,7,13800.0,0.0,0.17,0.17,0.0,0.07241969674315481,0.07241969674315481,0
552,1,7,13800.0,2.32,2.31,0.76,0.9883158614359949,0.984055879274633,0.32375864426351564,0
553,1,7,13800.0,0.0,0.0,0.0,0.0,0.0,0.0,0
554,1,7,13800.0,14.26,15.07,17.8,6.07473456210228,6.419793117172606,7.582768247224445,0
555,1,7,13800.0,0.0,0.0,0.0,0.0,0.0,0.0,0
556,1,7,13800.0,0.0,0.0,0.0,0.0,0.0,0.0,0
557,1,7,13800.0,0.0,0.0,0.0,0.0,0.0,0.0,0
558,1,7,13800.0,0.0,0.0,0.0,0.0,0.0,0.0,0
559,1,7,13800.0,0.0,0.0,0.0,0.0,0.0,0.0,0
560,1,7,13800.0,0.0,0.0,0.0,0.0,0.0,0.0,0
561,1,7,13800.0,0.0,0.0,0.0,0.0,0.0,0.0,0
562,1,7,13800.0,0.0,0.0,0.0,0.0,0.0,0.0,0
563,1,7,13800.0,0.0,0.0,0.0,0.0,0.0,0.0,0
564,1,7,13800.0,0.0,0.0,0.0,0.0,0.0,0.0,0
565,1,7,13800.0,0.0,0.0,0.0,0.0,0.0,0.0,0
566,1,7,13800.0,0.0,0.0,0.0,0.0,0.0,0.0,0
567,1,7,13800.0,0.0,0.0,0.0,0.0,0.0,0.0,0
568,1,7,13800.0,0.0,0.09,0.09,0.0,0.038339839452258426,0.038339839452258426,0
569,1,7,13800.0,0.09,0.09,0.0,0.038339839452258426,0.038339839452258426,0.0,0
570,1,7,13800.0,0.04,0.09,0.05,0.01703992864544819,0.038339839452258426,0.02129991080681024,0
571,1,7,13800.0,0.0,0.0,0.0,0.0,0.0,0.0,0
572,1,7,13800.0,0.0,0.0,0.0,0.0,0.0,0.0,0
573,1,7,13800.0,0.0,0.0,0.0,0.0,0.0,0.0,0
574,1,7,13800.0,0.0,0.0,0.0,0.0,0.0,0.0,0
575,1,7,13800.0,0.11,0.06,0.05,0.04685980377498252,0.025559892968172283,0.02129991080681024,0
576,1,7,13800.0,0.0,0.0,0.0,0.0,0.0,0.0,0
577,1,7,13800.0,0.0,0.0,0.0,0.0,0.0,0.0,0
578,1,7,13800.0,0.8,0.79,1.64,0.3407985729089638,0.3365385907476018,0.6986370744633758,0
579,1,7,13800.0,0.05,0.89,0.05,0.02129991080681024,0.37913841236122225,0.02129991080681024,0
580,1,7,13800.0,0.05,0.43,0.38,0.02129991080681024,0.18317923293856805,0.16187932213175782,0
581,1,7,13800.0,0.26,0.2,0.26,0.11075953619541325,0.08519964322724095,0.11075953619541325,0
582,1,7,13800.0,1.02,0.51,0.51,0.43451818045892887,0.21725909022946444,0.21725909022946444,0
583,1,7,13800.0,0.0,0.0,0.0,0.0,0.0,0.0,0
584,1,7,13800.0,0.0,0.82,0.08,0.0,0.3493185372316879,0.03407985729089638,0
585,1,7,13800.0,0.0,0.0,0.0,0.0,0.0,0.0,0
586,1,7,13800.0,0.0,0.0,0.0,0.0,0.0,0.0,0
587,1,7,13800.0,0.0,0.0,0.0,0.0,0.0,0.0,0
588,1,7,13800.0,0.0,0.0,0.0,0.0,0.0,0.0,0
589,1,7,13800.0,65.38,52.72,47.53,27.851763370985065,22.458625954700715,20.24769521295381,0
590,1,7,13800.0,46.71,44.02,41.87,19.898376675722126,18.752441474315734,17.836545309622892,0
591,1,7,13800.0,0.0,0.0,0.0,0.0,0.0,0.0,0
592,1,7,13800.0,21.41,21.41,21.41,9.120621807476144,9.120621807476144,9.120621807476144,0
593,1,7,13800.0,12.75,12.75,12.75,5.431477255736611,5.431477255736611,5.431477255736611,0
594,1,7,13800.0,0.0,0.0,0.0,0.0,0.0,0.0,0
595,1,7,13800.0,0.0,0.0,0.0,0.0,0.0,0.0,0
596,1,7,13800.0,0.0,0.0,0.0,0.0,0.0,0.0,0
597,1,7,13800.0,0.0,0.0,0.0,0.0,0.0,0.0,0
598,1,7,13800.0,0.0,0.0,0.0,0.0,0.0,0.0,0
599,1,7,13800.0,38.98,38.98,38.98,16.60541046498926,16.60541046498926,16.60541046498926,0
600,1,7,13800.0,0.0,0.0,0.0,0.0,0.0,0.0,0
601,1,7,13800.0,47.52,47.52,47.52,20.24343523079245,20.24343523079245,20.24343523079245,0
602,1,7,13800.0,0.0,0.0,0.0,0.0,0.0,0.0,0
603,1,7,13800.0,0.0,0.0,0.0,0.0,0.0,0.0,0
604,1,7,13800.0,32.11,26.08,24.91,13.678802720133534,11.11003347683222,10.61161556395286,0
605,1,7,13800.0,0.0,0.05,0.05,0.0,0.02129991080681024,0.02129991080681024,0
606,1,7,13800.0,0.0,0.0,0.0,0.0,0.0,0.0,0
607,1,7,13800.0,0.0,0.0,0.0,0.0,0.0,0.0,0
608,1,7,13800.0,0.0,0.0,0.0,0.0,0.0,0.0,0
609,1,7,13800.0,0.0,0.0,0.0,0.0,0.0,0.0,0
610,1,7,13800.0,0.0,0.0,0.0,0.0,0.0,0.0,0
611,1,7,13800.0,0.0,0.0,0.0,0.0,0.0,0.0,0
612,1,7,13800.0,0.17,0.23,0.23,0.07241969674315481,0.0979795897113271,0.0979795897113271,0
613,1,7,13800.0,0.0,0.0,0.0,0.0,0.0,0.0,0
614,1,7,13800.0,3.44,3.44,3.44,1.4654338635085444,1.4654338635085444,1.4654338635085444,0
615,1,7,13800.0,0.0,0.0,0.0,0.0,0.0,0.0,0
616,1,7,13800.0,0.0,0.0,0.0,0.0,0.0,0.0,0
617,1,7,13800.0,0.0,0.0,0.0,0.0,0.0,0.0,0
618,1,7,13800.0,0.0,0.0,0.0,0.0,0.0,0.0,0
619,1,7,13800.0,0.0,0.0,0.0,0.0,0.0,0.0,0
620,1,7,13800.0,4.65,4.65,4.65,1.9808917050333523,1.9808917050333523,1.9808917050333523,0
621,1,7,13800.0,0.0,0.0,0.0,0.0,0.0,0.0,0
622,1,7,13800.0,49.85,49.85,49.85,21.236011074389808,21.236011074389808,21.236011074389808,0
623,1,7,13800.0,20.79,20.79,20.79,8.856502913471697,8.856502913471697,8.856502913471697,0
624,1,7,13800.0,0.0,0.0,0.0,0.0,0.0,0.0,0
625,1,7,13800.0,0.0,0.0,0.0,0.0,0.0,0.0,0
626,1,7,13800.0,0.0,0.0,0.0,0.0,0.0,0.0,0
627,1,7,13800.0,0.0,0.0,0.0,0.0,0.0,0.0,0
628,1,7,13800.0,4.45,2.76,1.35,1.8956920618061113,1.175755076535925,0.5750975917838764,0
629,1,7,13800.0,0.0,0.0,0.0,0.0,0.0,0.0,0
630,1,7,13800.0,0.0,0.0,0.0,0.0,0.0,0.0,0
631,1,7,13800.0,0.0,0.0,0.0,0.0,0.0,0.0,0
632,1,7,13800.0,0.0,0.0,0.0,0.0,0.0,0.0,0
633,1,7,13800.0,0.0,0.0,0.0,0.0,0.0,0.0,0
634,1,7,13800.0,0.17,0.17,0.0,0.07241969674315481,0.07241969674315481,0.0,0
635,1,7,13800.0,0.0,0.0,0.0,0.0,0.0,0.0,0
636,1,7,13800.0,0.0,0.0,0.0,0.0,0.0,0.0,0
637,1,7,13800.0,0.0,0.0,0.0,0.0,0.0,0.0,0
638,1,7,13800.0,0.0,0.0,0.0,0.0,0.0,0.0,0
639,1,7,13800.0,0.0,0.0,0.0,0.0,0.0,0.0,0
640,1,7,13800.0,0.0,0.0,0.0,0.0,0.0,0.0,0
641,1,7,13800.0,0.0,0.0,0.0,0.0,0.0,0.0,0
642,1,7,13800.0,0.0,0.0,0.0,0.0,0.0,0.0,0
643,1,7,13800.0,0.0,0.0,0.0,0.0,0.0,0.0,0
644,1,7,13800.0,0.0,0.0,0.0,0.0,0.0,0.0,0
645,1,7,13800.0,0.0,0.0,0.0,0.0,0.0,0.0,0
646,1,7,13800.0,0.0,0.0,0.0,0.0,0.0,0.0,0
647,1,7,13800.0,0.0,0.0,0.0,0.0,0.0,0.0,0
648,1,7,13800.0,0.0,0.0,0.0,0.0,0.0,0.0,0
649,1,7,13800.0,0.0,0.0,0.0,0.0,0.0,0.0,0
650,1,7,13800.0,0.0,0.0,0.0,0.0,0.0,0.0,0
651,1,7,13800.0,0.0,0.0,0.0,0.0,0.0,0.0,0
652,1,7,13800.0,0.0,0.0,0.0,0.0,0.0,0.0,0
653,1,7,13800.0,0.0,0.0,0.0,0.0,0.0,0.0,0
654,1,7,13800.0,0.0,0.0,0.0,0.0,0.0,0.0,0
655,1,7,13800.0,0.0,0.0,0.0,0.0,0.0,0.0,0
656,1,7,13800.0,0.0,0.0,0.0,0.0,0.0,0.0,0
657,1,7,13800.0,0.0,0.0,0.0,0.0,0.0,0.0,0
658,1,7,13800.0,0.0,0.0,0.0,0.0,0.0,0.0,0
659,1,7,13800.0,0.49,1.41,0.49,0.20873912590674032,0.6006574847520487,0.20873912590674032,0
660,1,7,13800.0,0.0,0.0,0.0,0.0,0.0,0.0,0
661,1,7,13800.0,0.0,0.0,0.0,0.0,0.0,0.0,0
662,1,7,13800.0,0.0,0.0,0.0,0.0,0.0,0.0,0
663,1,7,13800.0,0.75,1.46,0.4,0.31949866210215355,0.6219573955588589,0.1703992864544819,0
664,1,7,13800.0,0.0,0.0,0.0,0.0,0.0,0.0,0
665,1,7,13800.0,0.0,0.0,0.0,0.0,0.0,0.0,0
666,1,7,13800.0,0.0,0.0,0.0,0.0,0.0,0.0,0
667,1,7,13800.0,0.0,0.0,0.0,0.0,0.0,0.0,0
668,1,7,13800.0,0.0,0.0,0.0,0.0,0.0,0.0,0
669,1,7,13800.0,0.0,0.0,0.0,0.0,0.0,0.0,0
670,1,7,13800.0,0.0,0.0,0.0,0.0,0.0,0.0,0
671,1,7,13800.0,0.0,0.0,0.0,0.0,0.0,0.0,0
672,1,7,13800.0,0.0,0.0,0.0,0.0,0.0,0.0,0
673,1,7,13800.0,0.0,0.0,0.0,0.0,0.0,0.0,0
674,1,7,13800.0,0.0,0.17,0.17,0.0,0.07241969674315481,0.07241969674315481,0
675,1,7,13800.0,0.0,0.0,0.0,0.0,0.0,0.0,0
676,1,7,13800.0,0.0,0.0,0.0,0.0,0.0,0.0,0
677,1,7,13800.0,0.0,0.0,0.0,0.0,0.0,0.0,0
678,1,7,13800.0,0.0,0.0,0.0,0.0,0.0,0.0,0
679,1,7,13800.0,0.0,0.0,0.0,0.0,0.0,0.0,0
680,1,7,13800.0,0.0,0.0,0.0,0.0,0.0,0.0,0
681,1,7,13800.0,0.0,0.0,0.0,0.0,0.0,0.0,0
682,1,7,13800.0,0.0,0.0,0.0,0.0,0.0,0.0,0
683,1,7,13800.0,0.0,0.0,0.0,0.0,0.0,0.0,0
684,1,7,13800.0,0.0,0.0,0.0,0.0,0.0,0.0,0
685,1,7,13800.0,0.0,0.0,0.0,0.0,0.0,0.0,0
686,1,7,13800.0,0.0,0.0,0.0,0.0,0.0,0.0,0
687,1,7,13800.0,0.0,0.0,0.0,0.0,0.0,0.0,0
688,1,7,13800.0,0.0,0.0,0.0,0.0,0.0,0.0,0
689,1,7,13800.0,0.0,0.0,0.0,0.0,0.0,0.0,0
690,1,7,13800.0,0.0,0.0,0.0,0.0,0.0,0.0,0
691,1,7,13800.0,0.0,0.0,0.0,0.0,0.0,0.0,0
692,1,7,13800.0,0.0,0.0,0.0,0.0,0.0,0.0,0
693,1,7,13800.0,0.0,0.0,0.0,0.0,0.0,0.0,0
694,1,7,13800.0,0.0,0.0,0.0,0.0,0.0,0.0,0
695,1,7,13800.0,0.07,0.0,0.07,0.029819875129534337,0.0,0.029819875129534337,0
696,1,7,13800.0,0.0,0.0,0.0,0.0,0.0,0.0,0
697,1,7,13800.0,0.0,0.0,0.0,0.0,0.0,0.0,0
698,1,7,13800.0,0.0,0.05,0.05,0.0,0.02129991080681024,0.02129991080681024,0
699,1,7,13800.0,0.0,0.0,0.0,0.0,0.0,0.0,0
700,1,7,13800.0,0.0,0.0,0.0,0.0,0.0,0.0,0
701,1,7,13800.0,0.0,0.0,0.0,0.0,0.0,0.0,0
702,1,7,13800.0,0.0,0.0,0.0,0.0,0.0,0.0,0
703,1,7,13800.0,0.0,0.0,0.0,0.0,0.0,0.0,0
704,1,7,13800.0,0.0,0.0,0.0,0.0,0.0,0.0,0
705,1,7,13800.0,0.0,0.0,0.0,0.0,0.0,0.0,0
706,1,7,13800.0,0.0,0.0,0.0,0.0,0.0,0.0,0
707,1,7,13800.0,0.0,0.0,0.0,0.0,0.0,0.0,0
708,1,7,13800.0,0.0,0.0,0.0,0.0,0.0,0.0,0
709,1,7,13800.0,0.0,0.0,0.0,0.0,0.0,0.0,0
710,1,7,13800.0,0.0,0.0,0.0,0.0,0.0,0.0,0
711,1,7,13800.0,0.0,0.0,0.0,0.0,0.0,0.0,0
712,1,7,13800.0,0.0,0.0,0.0,0.0,0.0,0.0,0
713,1,7,13800.0,0.0,0.0,0.0,0.0,0.0,0.0,0
714,1,7,13800.0,0.0,0.0,0.0,0.0,0.0,0.0,0
715,1,7,13800.0,0.0,0.0,0.0,0.0,0.0,0.0,0
716,1,7,13800.0,0.0,0.0,0.0,0.0,0.0,0.0,0
717,1,7,13800.0,0.0,0.0,0.0,0.0,0.0,0.0,0
718,1,7,13800.0,0.0,0.0,0.0,0.0,0.0,0.0,0
719,1,7,13800.0,0.0,0.0,0.0,0.0,0.0,0.0,0
720,1,7,13800.0,0.0,0.0,0.0,0.0,0.0,0.0,0
721,1,7,13800.0,0.0,0.0,0.0,0.0,0.0,0.0,0
722,1,7,13800.0,0.0,0.0,0.0,0.0,0.0,0.0,0
723,1,7,13800.0,0.0,0.0,0.0,0.0,0.0,0.0,0
724,1,7,13800.0,0.0,0.0,0.0,0.0,0.0,0.0,0
725,1,7,13800.0,0.0,0.0,0.0,0.0,0.0,0.0,0
726,1,7,13800.0,0.0,0.0,0.0,0.0,0.0,0.0,0
727,1,7,13800.0,0.0,0.0,0.0,0.0,0.0,0.0,0
728,1,7,13800.0,0.0,0.0,0.0,0.0,0.0,0.0,0
729,1,7,13800.0,0.0,0.0,0.0,0.0,0.0,0.0,0
730,1,7,13800.0,0.0,0.0,0.0,0.0,0.0,0.0,0
731,1,7,13800.0,0.0,0.0,0.0,0.0,0.0,0.0,0
732,1,7,13800.0,0.0,0.0,0.0,0.0,0.0,0.0,0
733,1,7,13800.0,0.0,0.0,0.0,0.0,0.0,0.0,0
734,1,7,13800.0,0.0,0.0,0.0,0.0,0.0,0.0,0
735,1,7,13800.0,0.0,0.0,0.0,0.0,0.0,0.0,0
736,1,7,13800.0,0.0,0.0,0.0,0.0,0.0,0.0,0
737,1,7,13800.0,0.0,0.0,0.0,0.0,0.0,0.0,0
738,1,7,13800.0,0.0,0.0,0.0,0.0,0.0,0.0,0
739,1,7,13800.0,0.0,0.0,0.0,0.0,0.0,0.0,0
740,1,7,13800.0,0.0,0.0,0.0,0.0,0.0,0.0,0
741,1,7,13800.0,0.0,0.0,0.0,0.0,0.0,0.0,0
742,1,7,13800.0,0.0,0.0,0.0,0.0,0.0,0.0,0
743,1,7,13800.0,0.0,0.0,0.0,0.0,0.0,0.0,0
744,1,7,13800.0,0.0,0.0,0.0,0.0,0.0,0.0,0
745,1,7,13800.0,0.0,0.0,0.0,0.0,0.0,0.0,0
746,1,7,13800.0,0.0,0.0,0.0,0.0,0.0,0.0,0
747,1,7,13800.0,0.0,0.0,0.0,0.0,0.0,0.0,0
748,1,7,13800.0,0.0,0.0,0.0,0.0,0.0,0.0,0
749,1,7,13800.0,0.0,0.0,0.0,0.0,0.0,0.0,0
750,1,7,13800.0,0.0,0.0,0.0,0.0,0.0,0.0,0
751,1,7,13800.0,0.0,0.0,0.0,0.0,0.0,0.0,0
752,1,7,13800.0,0.0,0.0,0.0,0.0,0.0,0.0,0
753,1,7,13800.0,0.0,0.0,0.0,0.0,0.0,0.0,0
754,1,7,13800.0,0.0,0.0,0.0,0.0,0.0,0.0,0
755,1,7,13800.0,0.0,0.0,0.0,0.0,0.0,0.0,0
756,1,7,13800.0,0.0,0.0,0.0,0.0,0.0,0.0,0
757,1,7,13800.0,0.0,0.0,0.0,0.0,0.0,0.0,0
758,1,7,13800.0,0.0,0.0,0.0,0.0,0.0,0.0,0
759,1,7,13800.0,0.0,0.0,0.0,0.0,0.0,0.0,0
760,1,7,13800.0,0.0,0.0,0.0,0.0,0.0,0.0,0
761,1,7,13800.0,0.0,0.0,0.0,0.0,0.0,0.0,0
762,1,7,13800.0,0.0,0.0,0.0,0.0,0.0,0.0,0
763,1,7,13800.0,0.0,0.0,0.0,0.0,0.0,0.0,0
764,1,7,13800.0,0.0,0.0,0.0,0.0,0.0,0.0,0
765,1,7,13800.0,0.0,0.0,0.0,0.0,0.0,0.0,0
766,1,7,13800.0,0.0,0.0,0.0,0.0,0.0,0.0,0
767,1,7,13800.0,0.0,0.0,0.0,0.0,0.0,0.0,0
768,1,7,13800.0,0.0,0.0,0.0,0.0,0.0,0.0,0
769,1,7,13800.0,0.0,0.0,0.0,0.0,0.0,0.0,0
770,1,7,13800.0,0.0,0.0,0.0,0.0,0.0,0.0,0
771,1,7,13800.0,0.0,0.0,0.0,0.0,0.0,0.0,0
772,1,7,13800.0,0.0,0.0,0.0,0.0,0.0,0.0,0
773,1,7,13800.0,0.0,0.0,0.0,0.0,0.0,0.0,0
774,1,7,13800.0,0.0,0.0,0.0,0.0,0.0,0.0,0
775,1,7,13800.0,3.28,3.28,3.11,1.3972741489267515,1.3972741489267515,1.3248544521835968,0
776,1,7,13800.0,0.15,0.15,0.0,0.0638997324204307,0.0638997324204307,0.0,0
777,1,7,13800.0,0.0,0.0,0.0,0.0,0.0,0.0,0
778,1,7,13800.0,0.0,0.0,0.0,0.0,0.0,0.0,0
779,1,7,13800.0,0.0,0.0,0.0,0.0,0.0,0.0,0
780,1,7,13800.0,0.0,0.0,0.0,0.0,0.0,0.0,0
781,1,7,13800.0,0.0,0.0,0.0,0.0,0.0,0.0,0
782,1,7,13800.0,0.0,0.0,0.0,0.0,0.0,0.0,0
783,1,7,13800.0,0.0,0.0,0.0,0.0,0.0,0.0,0
784,1,7,13800.0,0.0,0.0,0.0,0.0,0.0,0.0,0
785,1,7,13800.0,0.0,0.0,0.0,0.0,0.0,0.0,0
786,1,7,13800.0,6.03,5.12,6.3,2.5687692433013147,2.1811108666173684,2.6837887616580898,0
787,1,7,13800.0,8.84,7.18,8.23,3.76582423064405,3.05866719185795,3.5059653188009654,0
788,1,7,13800.0,0.0,0.0,0.0,0.0,0.0,0.0,0
789,1,7,13800.0,0.0,0.0,0.0,0.0,0.0,0.0,0
790,1,7,13800.0,0.0,0.0,0.0,0.0,0.0,0.0,0
791,1,7,13800.0,0.0,0.0,0.0,0.0,0.0,0.0,0
792,1,7,13800.0,0.0,0.0,0.0,0.0,0.0,0.0,0
793,1,7,13800.0,5.16,5.26,4.98,2.1981507952628165,2.240750616876437,2.1214711163583,0
794,1,7,13800.0,0.0,0.0,0.0,0.0,0.0,0.0,0
795,1,7,13800.0,0.0,0.0,0.0,0.0,0.0,0.0,0
796,1,7,13800.0,0.0,0.0,0.0,0.0,0.0,0.0,0
797,1,7,13800.0,0.0,0.0,0.0,0.0,0.0,0.0,0
798,1,7,13800.0,6.45,6.45,6.45,2.747688494078521,2.747688494078521,2.747688494078521,0
799,1,7,13800.0,0.0,0.0,0.0,0.0,0.0,0.0,0
800,1,7,13800.0,0.0,0.0,0.0,0.0,0.0,0.0,0
801,1,7,13800.0,0.0,0.0,0.0,0.0,0.0,0.0,0
802,1,7,13800.0,0.0,0.0,0.0,0.0,0.0,0.0,0
803,1,7,13800.0,0.0,0.0,0.0,0.0,0.0,0.0,0
804,1,7,13800.0,0.0,0.0,0.0,0.0,0.0,0.0,0
805,1,7,13800.0,0.0,0.0,0.0,0.0,0.0,0.0,0
806,1,7,13800.0,0.0,0.0,0.0,0.0,0.0,0.0,0
807,1,7,13800.0,0.0,0.0,0.0,0.0,0.0,0.0,0
808,1,7,13800.0,0.0,0.0,0.0,0.0,0.0,0.0,0
809,1,7,13800.0,0.0,0.0,0.0,0.0,0.0,0.0,0
810,1,7,13800.0,0.0,0.0,0.0,0.0,0.0,0.0,0
811,1,7,13800.0,0.0,0.0,0.0,0.0,0.0,0.0,0
812,1,7,13800.0,1.54,1.54,1.54,0.6560372528497553,0.6560372528497553,0.6560372528497553,0
813,1,7,13800.0,3.69,3.69,3.69,1.5719334175425954,1.5719334175425954,1.5719334175425954,0
814,1,7,13800.0,0.13,0.0,0.13,0.05537976809770662,0.0,0.05537976809770662,0
815,1,7,13800.0,0.17,0.17,0.0,0.07241969674315481,0.07241969674315481,0.0,0
816,1,7,13800.0,0.0,0.0,0.0,0.0,0.0,0.0,0
817,1,7,13800.0,0.0,0.0,0.0,0.0,0.0,0.0,0
818,1,7,13800.0,0.0,0.0,0.0,0.0,0.0,0.0,0
819,1,7,13800.0,0.0,0.0,0.0,0.0,0.0,0.0,0
820,1,7,13800.0,0.0,0.0,0.0,0.0,0.0,0.0,0
821,1,7,13800.0,0.0,0.0,0.0,0.0,0.0,0.0,0
822,1,7,13800.0,0.0,0.0,0.0,0.0,0.0,0.0,0
823,1,7,13800.0,0.0,0.0,0.0,0.0,0.0,0.0,0
824,1,7,13800.0,0.0,0.0,0.0,0.0,0.0,0.0,0
825,1,7,13800.0,0.0,0.0,0.0,0.0,0.0,0.0,0
826,1,7,13800.0,0.0,0.0,0.0,0.0,0.0,0.0,0
827,1,7,13800.0,0.0,0.0,0.0,0.0,0.0,0.0,0
828,1,7,13800.0,0.0,0.0,0.0,0.0,0.0,0.0,0
829,1,7,13800.0,0.0,0.0,0.0,0.0,0.0,0.0,0
830,1,7,13800.0,0.0,0.0,0.0,0.0,0.0,0.0,0
831,1,7,13800.0,0.0,0.0,0.0,0.0,0.0,0.0,0
832,1,7,13800.0,0.0,0.0,0.0,0.0,0.0,0.0,0
833,1,7,13800.0,0.0,0.0,0.0,0.0,0.0,0.0,0
834,1,7,13800.0,0.0,0.0,0.0,0.0,0.0,0.0,0
835,1,7,13800.0,0.9,0.9,0.9,0.3833983945225843,0.3833983945225843,0.3833983945225843,0
836,1,7,13800.0,0.0,0.0,0.0,0.0,0.0,0.0,0
837,1,7,13800.0,0.0,0.0,0.0,0.0,0.0,0.0,0
838,1,7,13800.0,2.96,2.96,2.96,1.260954719763166,1.260954719763166,1.260954719763166,0
839,1,7,13800.0,0.17,0.0,0.17,0.07241969674315481,0.0,0.07241969674315481,0
840,1,7,13800.0,0.0,0.0,0.0,0.0,0.0,0.0,0
841,1,7,13800.0,0.0,0.0,0.0,0.0,0.0,0.0,0
842,1,7,13800.0,0.0,0.0,0.0,0.0,0.0,0.0,0
843,1,7,13800.0,0.0,0.0,0.0,0.0,0.0,0.0,0
844,1,7,13800.0,0.0,0.0,0.0,0.0,0.0,0.0,0
845,1,7,13800.0,0.0,0.0,0.0,0.0,0.0,0.0,0
846,1,7,13800.0,0.0,0.0,0.0,0.0,0.0,0.0,0
847,1,7,13800.0,0.0,0.0,0.0,0.0,0.0,0.0,0
848,1,7,13800.0,0.0,0.0,0.0,0.0,0.0,0.0,0
849,1,7,13800.0,0.0,0.0,0.0,0.0,0.0,0.0,0
850,1,7,13800.0,0.0,0.0,0.0,0.0,0.0,0.0,0
851,1,7,13800.0,0.0,0.0,0.0,0.0,0.0,0.0,0
852,1,7,13800.0,0.0,0.0,0.0,0.0,0.0,0.0,0
853,1,7,13800.0,0.0,0.0,0.0,0.0,0.0,0.0,0
854,1,7,13800.0,0.0,0.0,0.0,0.0,0.0,0.0,0
855,1,7,13800.0,0.0,0.0,0.0,0.0,0.0,0.0,0
856,1,7,13800.0,0.0,0.0,0.0,0.0,0.0,0.0,0
857,1,7,13800.0,0.0,0.0,0.0,0.0,0.0,0.0,0
858,1,7,13800.0,0.0,0.0,0.0,0.0,0.0,0.0,0
859,1,7,13800.0,1.9,3.35,2.29,0.809396610658789,1.427094024056286,0.975535914951909,0
860,1,7,13800.0,0.0,0.0,0.0,0.0,0.0,0.0,0
861,1,7,13800.0,2.44,2.08,2.08,1.0394356473723396,0.886076289563306,0.886076289563306,0
862,1,7,13800.0,0.0,0.0,0.0,0.0,0.0,0.0,0
863,1,7,13800.0,0.0,0.0,0.0,0.0,0.0,0.0,0
864,1,7,13800.0,0.0,0.0,0.0,0.0,0.0,0.0,0
865,1,7,13800.0,0.0,0.0,0.0,0.0,0.0,0.0,0
866,1,7,13800.0,0.0,0.0,0.0,0.0,0.0,0.0,0
867,1,7,13800.0,0.0,0.0,0.0,0.0,0.0,0.0,0
868,1,7,13800.0,0.0,0.0,0.0,0.0,0.0,0.0,0
869,1,7,13800.0,0.0,0.0,0.0,0.0,0.0,0.0,0
870,1,7,13800.0,0.0,0.0,0.0,0.0,0.0,0.0,0
871,1,7,13800.0,0.0,0.0,0.0,0.0,0.0,0.0,0
872,1,7,13800.0,0.0,0.0,0.0,0.0,0.0,0.0,0
873,1,7,13800.0,0.0,0.0,0.0,0.0,0.0,0.0,0
874,1,7,13800.0,3.44,3.81,1.27,1.4654338635085444,1.6230532034789402,0.5410177344929801,0
875,1,7,13800.0,1.27,2.53,1.95,0.5410177344929801,1.077775486824598,0.8306965214655992,0
876,1,7,13800.0,1.05,1.53,0.48,0.447298126943015,0.6517772706883933,0.20447914374537826,0
877,1,7,13800.0,2.18,0.95,1.23,0.9286761111769264,0.4046983053293945,0.5239778058475318,0
878,1,7,13800.0,0.17,0.17,0.0,0.07241969674315481,0.07241969674315481,0.0,0
879,1,7,13800.0,0.0,0.0,0.0,0.0,0.0,0.0,0
880,1,7,13800.0,0.0,0.0,0.0,0.0,0.0,0.0,0
881,1,7,13800.0,0.0,0.0,0.0,0.0,0.0,0.0,0
882,1,7,13800.0,0.0,0.0,0.0,0.0,0.0,0.0,0
883,1,7,13800.0,0.0,0.0,0.0,0.0,0.0,0.0,0
884,1,7,13800.0,0.0,0.0,0.0,0.0,0.0,0.0,0
885,1,7,13800.0,0.0,0.0,0.0,0.0,0.0,0.0,0
886,1,7,13800.0,0.0,0.0,0.0,0.0,0.0,0.0,0
887,1,7,13800.0,0.0,0.0,0.0,0.0,0.0,0.0,0
888,1,7,13800.0,0.0,0.0,0.0,0.0,0.0,0.0,0
889,1,7,13800.0,0.0,0.0,0.0,0.0,0.0,0.0,0
890,1,7,13800.0,0.0,0.0,0.0,0.0,0.0,0.0,0
891,1,7,13800.0,0.0,0.0,0.0,0.0,0.0,0.0,0
892,1,7,13800.0,0.0,0.0,0.0,0.0,0.0,0.0,0
893,1,7,13800.0,0.0,0.0,0.0,0.0,0.0,0.0,0
894,1,7,13800.0,0.0,0.0,0.0,0.0,0.0,0.0,0
895,1,7,13800.0,0.0,0.0,0.0,0.0,0.0,0.0,0
896,1,7,13800.0,0.0,0.0,0.0,0.0,0.0,0.0,0
897,1,7,13800.0,0.0,0.0,0.0,0.0,0.0,0.0,0
898,1,7,13800.0,0.0,0.0,0.0,0.0,0.0,0.0,0
899,1,7,13800.0,0.0,0.0,0.0,0.0,0.0,0.0,0
900,1,7,13800.0,0.0,0.0,0.0,0.0,0.0,0.0,0
901,1,7,13800.0,0.0,0.0,0.0,0.0,0.0,0.0,0
902,1,7,13800.0,0.0,0.0,0.0,0.0,0.0,0.0,0
903,1,7,13800.0,0.0,0.0,0.0,0.0,0.0,0.0,0
904,1,7,13800.0,0.0,0.0,0.0,0.0,0.0,0.0,0
905,1,7,13800.0,0.0,0.0,0.0,0.0,0.0,0.0,0
906,1,7,13800.0,0.0,0.0,0.0,0.0,0.0,0.0,0
907,1,7,13800.0,0.0,0.0,0.0,0.0,0.0,0.0,0
908,1,7,13800.0,0.0,0.0,0.0,0.0,0.0,0.0,0
909,1,7,13800.0,0.0,0.0,0.0,0.0,0.0,0.0,0
910,1,7,13800.0,0.0,0.0,0.0,0.0,0.0,0.0,0
911,1,7,13800.0,0.0,0.0,0.0,0.0,0.0,0.0,0
912,1,7,13800.0,0.0,0.0,0.0,0.0,0.0,0.0,0
913,1,7,13800.0,0.0,0.0,0.0,0.0,0.0,0.0,0
914,1,7,13800.0,0.0,0.0,0.0,0.0,0.0,0.0,0
915,1,7,13800.0,0.0,0.0,0.0,0.0,0.0,0.0,0
916,1,7,13800.0,0.0,0.0,0.0,0.0,0.0,0.0,0
917,1,7,13800.0,0.0,0.0,0.0,0.0,0.0,0.0,0
918,1,7,13800.0,0.0,0.0,0.0,0.0,0.0,0.0,0
919,1,7,13800.0,0.0,0.0,0.0,0.0,0.0,0.0,0
920,1,7,13800.0,0.0,0.0,0.0,0.0,0.0,0.0,0
921,1,7,13800.0,0.0,0.0,0.0,0.0,0.0,0.0,0
922,1,7,13800.0,0.0,0.0,0.0,0.0,0.0,0.0,0
923,1,7,13800.0,0.0,0.17,0.17,0.0,0.07241969674315481,0.07241969674315481,0
924,1,7,13800.0,0.0,0.0,0.0,0.0,0.0,0.0,0
925,1,7,13800.0,0.0,0.0,0.0,0.0,0.0,0.0,0
926,1,7,13800.0,0.86,0.08,0.32,0.3663584658771361,0.03407985729089638,0.13631942916358553,0
927,1,7,13800.0,0.0,0.0,0.0,0.0,0.0,0.0,0
928,1,7,13800.0,0.0,0.0,0.0,0.0,0.0,0.0,0
929,1,7,13800.0,0.0,0.0,0.0,0.0,0.0,0.0,0
930,1,7,13800.0,0.0,0.0,0.0,0.0,0.0,0.0,0
931,1,7,13800.0,0.0,0.0,0.0,0.0,0.0,0.0,0
932,1,7,13800.0,0.0,0.0,0.0,0.0,0.0,0.0,0
933,1,7,13800.0,1.53,1.89,1.06,0.6517772706883933,0.805136628497427,0.45155810910437705,0
934,1,7,13800.0,0.0,0.0,0.0,0.0,0.0,0.0,0
935,1,7,13800.0,0.0,0.0,0.0,0.0,0.0,0.0,0
936,1,7,13800.0,0.0,0.0,0.0,0.0,0.0,0.0,0
937,1,7,13800.0,0.0,0.0,0.0,0.0,0.0,0.0,0
938,1,7,13800.0,0.0,0.0,0.0,0.0,0.0,0.0,0
939,1,7,13800.0,0.0,0.0,0.0,0.0,0.0,0.0,0
940,1,7,13800.0,0.0,0.0,0.0,0.0,0.0,0.0,0
941,1,7,13800.0,2.23,2.23,2.23,0.9499760219837365,0.9499760219837365,0.9499760219837365,0
942,1,7,13800.0,0.0,0.05,0.05,0.0,0.02129991080681024,0.02129991080681024,0
943,1,7,13800.0,0.0,0.0,0.0,0.0,0.0,0.0,0
944,1,7,13800.0,0.0,0.0,0.0,0.0,0.0,0.0,0
945,1,7,13800.0,0.0,0.0,0.0,0.0,0.0,0.0,0
946,1,7,13800.0,0.0,0.0,0.0,0.0,0.0,0.0,0
947,1,7,13800.0,0.0,0.0,0.0,0.0,0.0,0.0,0
948,1,7,13800.0,0.0,0.0,0.0,0.0,0.0,0.0,0
949,1,7,13800.0,0.0,0.0,0.0,0.0,0.0,0.0,0
950,1,7,13800.0,0.0,0.0,0.0,0.0,0.0,0.0,0
951,1,7,13800.0,0.0,0.0,0.0,0.0,0.0,0.0,0
952,1,7,13800.0,0.0,0.0,0.0,0.0,0.0,0.0,0
953,1,7,13800.0,0.0,0.0,0.0,0.0,0.0,0.0,0
954,1,7,13800.0,0.0,0.0,0.0,0.0,0.0,0.0,0
955,1,7,13800.0,0.0,0.0,0.0,0.0,0.0,0.0,0
956,1,7,13800.0,0.0,0.0,0.0,0.0,0.0,0.0,0
957,1,7,13800.0,0.0,0.0,0.0,0.0,0.0,0.0,0
958,1,7,13800.0,0.0,0.0,0.0,0.0,0.0,0.0,0
959,1,7,13800.0,0.0,0.0,0.0,0.0,0.0,0.0,0
960,1,7,13800.0,0.0,0.0,0.0,0.0,0.0,0.0,0
961,1,7,13800.0,0.0,0.0,0.0,0.0,0.0,0.0,0
962,1,7,13800.0,0.0,0.0,0.0,0.0,0.0,0.0,0
963,1,7,13800.0,0.0,0.0,0.0,0.0,0.0,0.0,0
964,1,7,13800.0,0.0,0.0,0.0,0.0,0.0,0.0,0
965,1,7,13800.0,0.0,0.0,0.0,0.0,0.0,0.0,0
966,1,7,13800.0,0.0,0.0,0.0,0.0,0.0,0.0,0
967,1,7,13800.0,0.0,0.0,0.0,0.0,0.0,0.0,0
968,1,7,13800.0,0.0,0.0,0.0,0.0,0.0,0.0,0
969,1,7,13800.0,0.0,0.0,0.0,0.0,0.0,0.0,0
970,1,7,13800.0,0.0,0.0,0.0,0.0,0.0,0.0,0
971,1,7,13800.0,0.0,0.0,0.0,0.0,0.0,0.0,0
972,1,7,13800.0,0.0,0.0,0.0,0.0,0.0,0.0,0
973,1,7,13800.0,0.0,0.0,0.0,0.0,0.0,0.0,0
974,1,7,13800.0,0.0,0.0,0.0,0.0,0.0,0.0,0
975,1,7,13800.0,0.0,0.0,0.0,0.0,0.0,0.0,0
976,1,7,13800.0,0.0,0.0,0.0,0.0,0.0,0.0,0
977,1,7,13800.0,0.0,0.0,0.0,0.0,0.0,0.0,0
978,1,7,13800.0,0.0,0.0,0.0,0.0,0.0,0.0,0
979,1,7,13800.0,0.0,0.0,0.0,0.0,0.0,0.0,0
980,1,7,13800.0,0.17,0.17,0.0,0.07241969674315481,0.07241969674315481,0.0,0
981,1,7,13800.0,0.63,0.63,0.0,0.268378876165809,0.268378876165809,0.0,0
982,1,7,13800.0,0.0,0.0,0.0,0.0,0.0,0.0,0
983,1,7,13800.0,0.0,0.0,0.0,0.0,0.0,0.0,0
984,1,7,13800.0,0.0,0.0,0.0,0.0,0.0,0.0,0
985,1,7,13800.0,0.0,0.0,0.0,0.0,0.0,0.0,0
986,1,7,13800.0,0.0,0.0,0.0,0.0,0.0,0.0,0
987,1,7,13800.0,0.17,0.5,0.67,0.07241969674315481,0.21299910806810238,0.2854188048112572,0
988,1,7,13800.0,0.0,0.0,0.0,0.0,0.0,0.0,0
989,1,7,13800.0,0.0,0.0,0.0,0.0,0.0,0.0,0
990,1,7,13800.0,0.0,0.0,0.0,0.0,0.0,0.0,0
991,1,7,13800.0,0.0,0.0,0.0,0.0,0.0,0.0,0
992,1,7,13800.0,0.0,0.0,0.0,0.0,0.0,0.0,0
993,1,7,13800.0,0.0,0.0,0.0,0.0,0.0,0.0,0
994,1,7,13800.0,0.0,0.0,0.0,0.0,0.0,0.0,0
995,1,7,13800.0,0.0,0.0,0.0,0.0,0.0,0.0,0
996,1,7,13800.0,0.0,0.0,0.0,0.0,0.0,0.0,0
997,1,7,13800.0,0.0,0.0,0.0,0.0,0.0,0.0,0
998,1,7,13800.0,0.0,0.0,0.0,0.0,0.0,0.0,0
999,1,7,13800.0,0.0,0.0,0.0,0.0,0.0,0.0,0
1000,1,7,13800.0,0.0,0.0,0.0,0.0,0.0,0.0,0
1001,1,7,13800.0,0.69,0.85,0.32,0.29393876913398126,0.362098483715774,0.13631942916358553,0
1002,1,7,13800.0,0.0,0.17,0.17,0.0,0.07241969674315481,0.07241969674315481,0
1003,1,7,13800.0,0.17,0.17,0.0,0.07241969674315481,0.07241969674315481,0.0,0
1004,1,7,13800.0,0.17,0.17,0.0,0.07241969674315481,0.07241969674315481,0.0,0
1005,1,7,13800.0,0.46,1.19,0.72,0.1959591794226542,0.5069378772020836,0.3067187156180674,0
1006,1,7,13800.0,0.0,0.17,0.17,0.0,0.07241969674315481,0.07241969674315481,0
1007,1,7,13800.0,0.0,0.0,0.0,0.0,0.0,0.0,0
1008,1,7,13800.0,0.0,0.0,0.0,0.0,0.0,0.0,0
1009,1,7,13800.0,0.0,0.0,0.0,0.0,0.0,0.0,0
1010,1,7,13800.0,0.0,0.17,0.17,0.0,0.07241969674315481,0.07241969674315481,0
1011,1,7,13800.0,0.06,0.23,0.23,0.025559892968172283,0.0979795897113271,0.0979795897113271,0
1012,1,7,13800.0,0.47,0.47,0.47,0.20021916158401623,0.20021916158401623,0.20021916158401623,0
1013,1,7,13800.0,0.0,0.17,0.17,0.0,0.07241969674315481,0.07241969674315481,0
1014,1,7,13800.0,0.0,0.0,0.0,0.0,0.0,0.0,0
1015,1,7,13800.0,39.01,39.01,39.01,16.618190411473346,16.618190411473346,16.618190411473346,0
1016,1,7,13800.0,1.36,1.36,1.36,0.5793575739452385,0.5793575739452385,0.5793575739452385,0
1017,1,7,13800.0,2.14,2.15,1.94,0.9116361825314783,0.9158961646928402,0.8264365393042372,0
1018,1,7,13800.0,2.44,2.17,2.17,1.0394356473723396,0.9244161290155642,0.9244161290155642,0
1019,1,7,13800.0,6.32,6.32,6.32,2.6923087259808143,2.6923087259808143,2.6923087259808143,0
1020,1,7,13800.0,0.0,0.0,0.0,0.0,0.0,0.0,0
1021,1,7,13800.0,0.0,0.0,0.0,0.0,0.0,0.0,0
1022,1,7,13800.0,0.0,0.0,0.0,0.0,0.0,0.0,0
1023,1,7,13800.0,0.0,0.0,0.0,0.0,0.0,0.0,0
1024,1,7,13800.0,0.0,0.0,0.0,0.0,0.0,0.0,0
1025,1,7,13800.0,0.0,0.0,0.0,0.0,0.0,0.0,0
1026,1,7,13800.0,0.0,0.0,0.0,0.0,0.0,0.0,0
1027,1,7,13800.0,0.0,0.0,0.0,0.0,0.0,0.0,0
1028,1,7,13800.0,0.0,0.0,0.0,0.0,0.0,0.0,0
1029,1,7,13800.0,1.89,3.01,1.23,0.805136628497427,1.2822546305699762,0.5239778058475318,0
1030,1,7,13800.0,0.0,0.0,0.0,0.0,0.0,0.0,0
1031,1,7,13800.0,0.0,0.0,0.0,0.0,0.0,0.0,0
1032,1,7,13800.0,0.0,0.0,0.0,0.0,0.0,0.0,0
1033,1,7,13800.0,0.0,0.0,0.0,0.0,0.0,0.0,0
1034,1,7,13800.0,0.57,2.44,2.44,0.2428189831976367,1.0394356473723396,1.0394356473723396,0
1035,1,7,13800.0,0.0,0.0,0.0,0.0,0.0,0.0,0
1036,1,7,13800.0,0.0,0.0,0.0,0.0,0.0,0.0,0
1037,1,7,13800.0,0.0,0.0,0.0,0.0,0.0,0.0,0
1038,1,7,13800.0,0.0,0.0,0.0,0.0,0.0,0.0,0
1039,1,7,13800.0,0.0,0.0,0.0,0.0,0.0,0.0,0
1040,1,7,13800.0,1.67,3.03,2.38,0.711417020947462,1.2907745948927003,1.0138757544041672,0
1041,1,7,13800.0,0.0,0.0,0.0,0.0,0.0,0.0,0
1042,1,7,13800.0,5.32,5.32,5.27,2.2663105098446095,2.2663105098446095,2.245010599037799,0
1043,1,7,13800.0,0.0,0.0,0.0,0.0,0.0,0.0,0
1044,1,7,13800.0,0.0,0.0,0.0,0.0,0.0,0.0,0
1045,1,7,13800.0,0.0,0.0,0.0,0.0,0.0,0.0,0
1046,1,7,13800.0,0.0,0.0,0.0,0.0,0.0,0.0,0
1047,1,7,13800.0,0.0,0.0,0.0,0.0,0.0,0.0,0
1048,1,7,13800.0,0.0,0.0,0.0,0.0,0.0,0.0,0
1049,1,7,13800.0,0.0,0.65,1.83,0.0,0.2768988404885331,0.7795767355292548,0
1050,1,7,13800.0,0.0,0.05,0.05,0.0,0.02129991080681024,0.02129991080681024,0
1051,1,7,13800.0,0.0,0.0,0.0,0.0,0.0,0.0,0
1052,1,7,13800.0,0.0,0.0,0.0,0.0,0.0,0.0,0
1053,1,7,13800.0,11.71,10.77,9.39,4.988439110954958,4.588000787786925,4.000123249518963,0
1054,1,7,13800.0,0.0,0.0,0.0,0.0,0.0,0.0,0
1055,1,7,13800.0,0.0,0.0,0.0,0.0,0.0,0.0,0
1056,1,7,13800.0,0.0,0.0,0.0,0.0,0.0,0.0,0
1057,1,7,13800.0,0.0,0.05,0.05,0.0,0.02129991080681024,0.02129991080681024,0
1058,1,7,13800.0,0.0,0.0,0.0,0.0,0.0,0.0,0
